Time,accepted_up_mw,activated_up_mw,accepted_down_mw,activated_down_mw
2023-01-01,12253.0,108.3,2196.0,155.7
2023-01-02,9172.0,164.60000000000002,1923.0,0.0
2023-01-03,7879.0,922.5,3491.0,0.0
2023-01-04,10771.0,241.0,4438.0,0.0
2023-01-05,7737.0,135.0,6361.0,104.2
2023-01-06,8804.0,0.0,9274.0,452.3
2023-01-07,11016.0,254.8,4188.0,14.6
2023-01-08,11816.0,179.3,5057.0,0.0
2023-01-09,5518.0,125.8,7020.0,544.9
2023-01-10,5810.0,626.2,5744.0,417.9
2023-01-11,9109.0,0.0,1862.0,146.7
2023-01-12,9825.0,1251.8,3869.0,36.7
2023-01-13,12335.0,279.4,1776.0,30.4
2023-01-14,11273.0,0.0,1992.0,75.0
2023-01-15,12946.0,299.2,1206.0,0.0
2023-01-16,3675.0,27.5,4951.0,279.6
2023-01-17,5571.0,0.0,5218.0,71.8
2023-01-18,3459.0,22.8,3651.0,35.4
2023-01-19,2707.0,19.3,4636.0,47.8
2023-01-20,256.0,0.0,6900.0,0.0
2023-01-21,1812.0,132.4,5384.0,0.0
2023-01-22,3726.0,439.2,8232.0,0.0
2023-01-23,2290.0,265.7,8868.0,50.0
2023-01-24,1111.0,0.0,6445.0,1207.6
2023-01-25,3841.0,104.0,6350.0,180.8
2023-01-26,2751.0,50.8,6562.0,88.5
2023-01-27,1988.0,12.7,6379.0,147.8
2023-01-28,4455.0,30.6,15156.0,327.0
2023-01-29,9712.0,0.0,7695.0,403.4
2023-01-30,10074.0,0.0,10917.0,0.0
2023-01-31,5315.0,0.0,6425.0,8.7
2023-02-01,6927.0,0.0,3542.0,51.5
2023-02-02,3940.0,208.5,5366.0,0.0
2023-02-03,6244.0,0.0,4649.0,136.7
2023-02-04,1436.0,114.2,6649.0,251.0
2023-02-05,2200.0,237.7,6595.0,417.9
2023-02-06,1452.0,46.8,6880.0,0.0
2023-02-07,1022.0,27.7,6279.0,0.0
2023-02-08,1826.0,61.0,6619.0,60.7
2023-02-09,5099.0,0.0,5337.0,177.4
2023-02-10,6633.0,0.0,4650.0,0.0
2023-02-11,9212.0,0.0,3679.0,0.0
2023-02-12,4342.0,0.0,6570.0,721.1
2023-02-13,3577.0,0.0,5688.0,1852.4
2023-02-14,2003.0,2.7,4363.0,108.4
2023-02-15,2268.0,483.3,7043.0,0.0
2023-02-16,2910.0,10.7,6590.0,80.3
2023-02-17,10175.0,0.0,2768.0,149.5
2023-02-18,8208.0,720.2,5848.0,66.8
2023-02-19,6054.0,171.0,6755.0,220.2
2023-02-20,16663.0,0.0,3271.0,102.7
2023-02-21,6012.0,0.0,7548.0,624.9
2023-02-22,1905.0,79.1,7783.0,5.4
2023-02-23,3201.0,60.8,5557.0,0.0
2023-02-24,8383.0,247.7,6734.0,874.6
2023-02-25,10423.0,969.7,7810.0,243.7
2023-02-26,6009.0,26.8,10911.0,2732.1
2023-02-27,2772.0,843.9,10635.0,924.2
2023-02-28,2476.0,503.9,7141.0,440.0
2023-03-01,2055.0,0.0,6629.0,2225.4
2023-03-02,2942.0,42.0,7651.0,1447.3
2023-03-03,5531.0,90.0,7547.0,240.0
2023-03-04,7038.0,0.0,7865.0,613.3
2023-03-05,2901.0,141.0,6541.0,1014.8
2023-03-06,4060.0,120.7,6045.0,705.3
2023-03-07,4879.0,834.3,4759.0,463.8
2023-03-08,1511.0,0.0,4619.0,1106.0
2023-03-09,1496.0,119.0,4460.0,452.0
2023-03-10,2697.0,0.0,3524.0,0.0
2023-03-11,4334.0,0.0,3210.0,205.0
2023-03-12,9326.0,193.0,3983.0,91.0
2023-03-13,12391.0,0.0,6543.0,141.0
2023-03-14,10477.0,117.0,4757.0,10.0
2023-03-15,2874.0,0.0,5278.0,209.0
2023-03-16,5077.0,0.0,3563.0,209.0
2023-03-17,5204.0,65.0,7701.0,129.0
2023-03-18,5091.0,0.0,4483.0,22.0
2023-03-19,4384.0,295.0,6705.0,439.0
2023-03-20,4160.0,41.0,5738.0,415.0
2023-03-21,3041.0,620.0,6012.0,0.0
2023-03-22,4990.0,0.0,3067.0,339.0
2023-03-23,7445.0,0.0,3860.0,144.0
2023-03-24,6517.0,0.0,1713.0,139.0
2023-03-25,14562.0,446.0,587.0,0.0
2023-03-26,10031.0,149.0,1750.0,41.0
2023-03-27,5117.0,177.0,3785.0,0.0
2023-03-28,2119.0,207.0,3804.0,149.0
2023-03-29,1692.0,27.0,6301.0,90.0
2023-03-30,3565.0,382.0,4472.0,164.0
2023-03-31,3236.0,1073.0,5062.0,1101.033
2023-04-01,11047.0,173.0,2967.0,305.0
2023-04-02,4504.0,0.0,4069.0,615.0
2023-04-03,1933.0,0.0,5303.0,1074.0
2023-04-04,1916.0,8.0,5077.0,676.0
2023-04-05,947.0,0.0,3758.0,812.0
2023-04-06,3685.0,0.0,4322.0,270.0
2023-04-07,3332.0,39.0,5555.0,56.0
2023-04-08,3754.0,0.0,3345.0,959.0
2023-04-09,4362.0,0.0,2898.0,725.0
2023-04-10,10098.0,1137.0,2567.0,21.0
2023-04-11,3920.0,676.0,4607.0,90.0
2023-04-12,1196.0,57.0,4133.0,160.0
2023-04-13,1752.0,234.0,7803.0,174.0
2023-04-14,1937.0,0.0,6155.0,244.0
2023-04-15,1847.0,417.0,5438.0,0.0
2023-04-16,1252.0,23.0,2932.0,0.0
2023-04-17,704.0,40.0,2506.0,87.0
2023-04-18,1235.0,0.0,3274.0,696.0
2023-04-19,1715.0,0.0,2014.0,528.0
2023-04-20,2049.0,0.0,1518.0,0.0
2023-04-21,2115.0,0.0,1625.0,0.0
2023-04-22,2312.0,0.0,1722.0,11.0
2023-04-23,1052.0,96.0,4983.0,17.0
2023-04-24,1063.0,129.0,4079.0,0.0
2023-04-25,1522.0,66.0,2362.0,0.0
2023-04-26,1510.0,26.0,3993.0,457.0
2023-04-27,2365.0,12.0,5418.0,1122.0
2023-04-28,748.0,227.0,4004.0,0.0
2023-04-29,1317.0,0.0,3490.0,100.0
2023-04-30,2633.0,0.0,3300.0,407.0
2023-05-01,1805.0,0.0,412.0,0.0
2023-05-02,1425.0,0.0,2494.0,56.0
2023-05-03,2106.0,108.0,2686.0,0.0
2023-05-04,308.0,0.0,2627.0,114.0
2023-05-05,4091.0,21.0,1288.0,20.0
2023-05-06,5837.0,28.0,2551.0,31.0
2023-05-07,5348.0,0.0,2211.0,72.0
2023-05-08,2754.0,0.0,4984.0,133.0
2023-05-09,3343.0,0.0,3708.0,552.0
2023-05-10,3754.0,81.0,5897.0,237.0
2023-05-11,1104.0,609.0,6272.0,10.0
2023-05-12,969.0,0.0,3259.0,205.0
2023-05-13,1512.0,123.0,3341.0,129.0
2023-05-14,2778.0,180.0,3425.0,13.0
2023-05-15,2797.0,592.0,4647.0,160.0
2023-05-16,8051.0,390.0,3702.0,0.0
2023-05-17,8369.0,75.0,5833.0,22.0
2023-05-18,7331.0,893.0,5811.0,30.0
2023-05-19,2639.0,0.0,8477.0,372.0
2023-05-20,4371.0,0.0,3795.0,221.0
2023-05-21,5602.0,0.0,3592.0,22.0
2023-05-22,3462.0,116.0,4962.0,341.0
2023-05-23,4410.0,41.0,3799.0,83.0
2023-05-24,3576.0,286.0,5226.0,0.0
2023-05-25,4735.0,0.0,3395.0,0.0
2023-05-26,5572.0,304.0,4011.0,265.0
2023-05-27,5808.0,0.0,3606.0,43.0
2023-05-28,6225.0,0.0,3825.0,24.0
2023-05-29,5442.0,0.0,1778.0,23.0
2023-05-30,3174.0,22.0,4721.0,9.0
2023-05-31,4047.0,37.0,5057.0,12.0
2023-06-01,5440.0,0.0,6456.0,0.0
2023-06-02,5655.0,116.0,3868.0,0.0
2023-06-03,4683.0,0.0,3611.0,0.0
2023-06-04,7194.0,11.333,2822.0,66.0
2023-06-05,8018.0,3766.0,2598.0,0.0
2023-06-06,6272.0,133.0,2962.0,0.0
2023-06-07,3792.0,392.0,6536.0,99.0
2023-06-08,7603.0,0.0,3846.0,230.0
2023-06-09,4359.0,0.0,3969.0,560.0
2023-06-10,6089.0,0.0,3340.0,109.0
2023-06-11,7368.0,204.0,2747.0,248.0
2023-06-12,6745.0,695.0,6180.0,8.0
2023-06-13,10142.0,515.0,3849.0,20.0
2023-06-14,7134.0,102.0,2396.0,0.0
2023-06-15,6069.0,304.0,4369.0,0.0
2023-06-16,5753.0,385.0,3132.0,26.0
2023-06-17,10914.0,88.0,3942.0,166.0
2023-06-18,16250.0,425.5,4631.0,163.25
2023-06-19,8379.0,0.0,5992.0,178.8
2023-06-20,9538.0,167.067,3641.0,0.0
2023-06-21,9626.0,384.183,5009.0,0.0
2023-06-22,11376.0,0.0,4422.0,0.0
2023-06-23,11893.0,0.0,5675.0,322.0
2023-06-24,11037.0,0.0,4440.0,35.0
2023-06-25,13471.0,0.0,4695.0,25.0
2023-06-26,11859.0,176.0,5558.0,4.0
2023-06-27,8383.0,760.0,6192.0,14.0
2023-06-28,1470.0,311.0,7732.0,1093.0
2023-06-29,3251.0,91.0,7414.0,18.0
2023-06-30,1920.0,50.0,7290.0,84.0
2023-07-01,4314.0,0.0,5749.0,62.0
2023-07-02,10945.0,1365.0,2426.0,0.0
2023-07-03,2057.0,0.0,6397.0,139.0
2023-07-04,3826.0,0.0,6055.0,20.0
2023-07-05,8212.0,638.0,7147.0,35.0
2023-07-06,5022.0,681.0,9011.0,0.0
2023-07-07,4648.0,0.0,9466.0,28.0
2023-07-08,7057.0,0.0,7057.0,0.0
2023-07-09,5247.0,1088.0,7974.0,192.0
2023-07-10,8407.0,0.0,8551.0,516.0
2023-07-11,12860.0,0.0,7085.0,364.0
2023-07-12,10702.0,58.0,8455.0,0.0
2023-07-13,6613.0,0.0,8083.0,654.0
2023-07-14,3339.0,0.0,9413.0,274.0
2023-07-15,7697.0,154.0,7164.0,52.0
2023-07-16,12027.0,954.0,5300.0,116.0
2023-07-17,5162.0,0.0,9069.0,407.0
2023-07-18,3912.0,0.0,6773.0,0.0
2023-07-19,7416.0,16.0,6359.0,98.0
2023-07-20,3031.0,12.0,6546.0,0.0
2023-07-21,3591.0,0.0,5811.0,0.0
2023-07-22,2053.0,0.0,7091.0,13.0
2023-07-23,4748.0,12.0,5379.0,83.0
2023-07-24,11.0,0.0,7860.0,0.0
2023-07-25,0.0,0.0,12623.0,0.0
2023-07-26,1392.0,0.0,11101.0,50.0
2023-07-27,2415.0,0.0,12291.0,158.0
2023-07-28,808.0,26.0,13893.0,12.0
2023-07-29,1750.0,0.0,11778.0,40.0
2023-07-30,2871.0,0.0,12245.0,0.0
2023-07-31,294.0,0.0,13945.0,352.0
2023-08-01,460.0,0.0,12099.0,161.0
2023-08-02,2084.0,14.0,11846.0,0.0
2023-08-03,2689.0,697.0,10837.0,89.0
2023-08-04,2401.0,50.0,12730.0,200.0
2023-08-05,212.0,0.0,16404.0,677.0
2023-08-06,337.0,0.0,16201.0,0.0
2023-08-07,23.0,0.0,13634.0,557.0
2023-08-08,1411.0,165.0,9263.0,0.0
2023-08-09,704.0,204.0,8442.0,0.0
2023-08-10,0.0,0.0,9043.0,0.0
2023-08-11,0.0,0.0,10000.0,0.0
2023-08-12,402.0,0.0,6954.0,91.0
2023-08-13,92.0,0.0,6282.0,18.0
2023-08-14,0.0,0.0,6180.0,0.0
2023-08-15,0.0,0.0,4809.0,0.0
2023-08-16,652.0,65.0,4437.0,0.0
2023-08-17,0.0,0.0,5331.0,369.0
2023-08-18,0.0,0.0,10676.0,0.0
2023-08-19,139.0,49.0,10689.0,34.0
2023-08-20,0.0,0.0,11236.0,82.0
2023-08-21,0.0,0.0,9505.0,0.0
2023-08-22,0.0,0.0,8377.0,0.0
2023-08-23,0.0,0.0,6825.0,0.0
2023-08-24,0.0,0.0,6003.0,0.0
2023-08-25,0.0,0.0,10309.0,0.0
2023-08-26,0.0,0.0,10757.0,0.0
2023-08-27,0.0,0.0,11524.0,0.0
2023-08-28,0.0,0.0,9971.0,0.0
2023-08-29,0.0,0.0,7372.0,311.0
2023-08-30,0.0,0.0,8139.0,203.0
2023-08-31,685.0,0.0,6646.0,0.0
2023-09-01,2955.0,247.0,7969.0,0.0
2023-09-02,2088.0,473.0,5642.0,0.0
2023-09-03,776.0,0.0,5368.0,327.0
2023-09-04,1520.0,0.0,5079.0,227.0
2023-09-05,3671.0,0.0,3601.0,0.0
2023-09-06,1852.0,924.0,4703.0,0.0
2023-09-07,1529.0,73.0,5574.0,0.0
2023-09-08,2160.0,0.0,3338.0,300.0
2023-09-09,5978.0,0.0,1568.0,76.45
2023-09-10,5664.0,307.0,1874.0,409.0
2023-09-11,5491.0,5.0,2683.0,602.0
2023-09-12,5797.0,149.0,1835.0,26.0
2023-09-13,4710.0,513.0,2497.0,230.0
2023-09-14,3374.0,179.583,2277.0,86.0
2023-09-15,7421.0,0.0,3831.0,0.0
2023-09-16,5223.0,184.5,4565.0,0.0
2023-09-17,5481.0,834.083,3082.0,0.0
2023-09-18,4601.0,0.0,6258.0,219.583
2023-09-19,8097.0,2027.984,3210.0,0.0
2023-09-20,6216.0,751.8340000000001,3347.0,0.0
2023-09-21,8242.0,482.716,2074.0,164.333
2023-09-22,5757.0,669.599,4555.0,938.383
2023-09-23,1645.0,191.683,6874.0,13.116999999999999
2023-09-24,2301.0,253.36700000000002,7122.0,370.767
2023-09-25,6468.0,0.0,4626.0,197.5
2023-09-26,4416.0,212.983,4115.0,0.0
2023-09-27,3796.0,4.8,3618.0,0.0
2023-09-28,6455.0,0.0,4153.0,367.05
2023-09-29,5639.0,26.533,6300.0,1472.066
2023-09-30,9757.0,1181.983,2710.0,100.75
2023-10-01,6787.0,246.217,1626.0,39.6
2023-10-02,3742.0,0.0,4192.0,34.467
2023-10-03,3193.0,595.05,3005.0,0.0
2023-10-04,5263.0,549.8,2573.0,326.017
2023-10-05,2815.0,0.0,3116.0,453.383
2023-10-06,6963.0,620.5160000000001,5251.0,872.918
2023-10-07,19433.0,2397.699,1567.0,3.5
2023-10-08,7531.0,437.584,7107.0,0.0
2023-10-09,234.0,11.0,10581.0,0.0
2023-10-10,2524.0,0.0,8742.0,285.067
2023-10-11,6708.0,408.0,3972.0,240.0
2023-10-12,3513.0,109.0,6450.0,33.0
2023-10-13,2563.0,66.217,6373.0,13.8
2023-10-14,7608.0,0.0,2185.0,43.632999999999996
2023-10-15,7192.0,0.0,6073.0,12.4
2023-10-16,3177.0,253.5,6725.0,50.2
2023-10-17,15376.0,0.0,23668.0,3337.0
2023-10-18,20968.0,636.0,21460.0,870.0
2023-10-19,31060.0,4873.0,19620.0,1511.0
2023-10-20,24716.0,1763.0,28028.0,0.0
2023-10-21,29812.0,1622.0,26336.0,207.0
2023-10-22,24628.0,5628.0,23896.0,0.0
2023-10-23,5864.0,0.0,37364.0,7626.0
2023-10-24,21652.0,0.0,22576.0,3062.0
2023-10-25,18884.0,1130.0,21260.0,66.0
2023-10-26,32292.0,5927.0,18676.0,0.0
2023-10-27,14576.0,217.0,29924.0,5699.0
2023-10-28,32620.0,294.0,21892.0,2197.0
2023-10-29,55688.0,0.0,2928.0,0.0
2023-10-30,31104.0,1130.0,22640.0,0.0
2023-10-31,14420.0,936.0,34940.0,643.0
2023-11-01,32192.0,10267.0,17128.0,0.0
2023-11-02,35572.0,980.0,16852.0,1247.0
2023-11-03,49052.0,1558.0,23204.0,0.0
2023-11-04,67808.0,7829.0,12676.0,0.0
2023-11-05,58748.0,6216.0,9640.0,797.0
2023-11-06,36981.0,140.0,20760.0,4369.0
2023-11-07,15944.0,0.0,30592.0,8462.0
2023-11-08,35100.0,1528.0,16234.0,276.0
2023-11-09,20452.0,322.0,24596.0,1823.0
2023-11-10,34980.0,5710.0,26336.0,0.0
2023-11-11,17446.0,0.0,37400.0,2236.0
2023-11-12,16640.0,360.0,36512.0,0.0
2023-11-13,31820.0,3182.0,18476.0,0.0
2023-11-14,38212.0,1689.0,17501.0,1776.0
2023-11-15,9988.0,322.0,27692.0,7840.0
2023-11-16,8256.0,0.0,23704.0,4015.0
2023-11-17,2960.0,0.0,38204.0,4432.0
2023-11-18,23212.0,3412.0,18892.0,369.0
2023-11-19,41768.0,3625.0,8336.0,495.0
2023-11-20,15524.0,4960.0,16152.0,342.0
2023-11-21,5464.0,0.0,28608.0,7149.0
2023-11-22,36248.0,2571.0,36252.0,2496.0
2023-11-23,67032.0,280.0,12644.0,256.0
2023-11-24,33912.0,3260.0,22772.0,798.0
2023-11-25,30896.0,1985.0,31228.0,420.0
2023-11-26,5184.0,702.0,40964.0,4237.0
2023-11-27,9540.0,780.0,26700.0,511.0
2023-11-28,19984.0,5006.0,43906.0,0.0
2023-11-29,8808.0,2559.0,33068.0,1520.0
2023-11-30,5996.0,360.0,24008.0,1768.0
2023-12-01,7340.0,710.0,20728.0,1386.0
2023-12-02,9404.0,764.0,20436.0,129.0
2023-12-03,11836.0,1774.0,21488.0,218.0
2023-12-04,15080.0,1962.0,14612.0,1176.0
2023-12-05,14588.0,791.0,17768.0,506.0
2023-12-06,14516.0,299.0,18456.0,2283.0
2023-12-07,14780.0,3294.0,14688.0,0.0
2023-12-08,18028.0,1434.0,30996.0,2608.0
2023-12-09,35196.0,3432.0,11702.0,202.0
2023-12-10,58348.0,684.0,2156.0,0.0
2023-12-11,27884.0,755.0,12452.0,263.0
2023-12-12,19908.0,0.0,21008.0,9912.0
2023-12-13,24380.0,0.0,15636.0,5293.0
2023-12-14,18108.0,0.0,19500.0,6914.0
2023-12-15,24892.0,98.0,18988.0,2585.0
2023-12-16,39244.0,0.0,22208.0,1769.0
2023-12-17,58076.0,0.0,10208.0,626.0
2023-12-18,41608.0,0.0,8256.0,3018.0
2023-12-19,31044.0,2043.0,14672.0,5089.0
2023-12-20,33164.0,1393.0,16556.0,1381.0
2023-12-21,46448.0,5143.0,6968.0,0.0
2023-12-22,42780.0,7774.0,5184.0,45.0
2023-12-23,48729.0,1594.0,5384.0,396.0
2023-12-24,46856.0,328.0,836.0,0.0
2023-12-25,38172.0,2713.0,5472.0,0.0
2023-12-26,43660.0,3428.0,7768.0,307.0
2023-12-27,23888.0,4652.0,10924.0,0.0
2023-12-28,37024.0,1216.0,4284.0,0.0
2023-12-29,44092.0,1168.0,5724.0,0.0
2023-12-30,38732.0,1232.0,5932.0,485.0
2023-12-31,53532.0,0.0,1636.0,0.0
2024-01-01,66132.0,717.0,336.0,0.0
2024-01-02,48612.0,4754.0,4816.0,0.0
2024-01-03,33604.0,2208.0,20572.0,0.0
2024-01-04,29600.0,685.0,14432.0,768.0
2024-01-05,14524.0,0.0,11808.0,3428.0
2024-01-06,11644.0,206.0,19432.0,0.0
2024-01-07,22144.0,3412.0,21180.0,0.0
2024-01-08,13364.0,2946.0,17824.0,1143.0
2024-01-09,12164.0,2092.0,22012.0,320.0
2024-01-10,12760.0,1988.0,26892.0,0.0
2024-01-11,15088.0,300.0,24228.0,2673.0
2024-01-12,15088.0,0.0,20812.0,3856.0
2024-01-13,42272.0,1261.0,7040.0,75.0
2024-01-14,38816.0,848.0,14600.0,2123.0
2024-01-15,25268.0,1786.0,15020.0,1059.0
2024-01-16,8984.0,0.0,24640.0,2870.0
2024-01-17,16128.0,698.0,19712.0,1971.0
2024-01-18,7732.0,40.0,30260.0,969.0
2024-01-19,8288.0,110.0,27268.0,3867.0
2024-01-20,23852.0,1590.0,21336.0,432.0
2024-01-21,52580.0,7530.0,12207.0,0.0
2024-01-22,45436.0,0.0,11736.0,5404.0
2024-01-23,49776.0,0.0,9000.0,5473.0
2024-01-24,50396.0,5548.0,1460.0,125.0
2024-01-25,11860.0,0.0,11696.0,4716.0
2024-01-26,20052.0,2704.0,10060.0,742.0
2024-01-27,14288.0,3022.0,8748.0,2264.0
2024-01-28,20460.0,0.0,3592.0,1274.0
2024-01-29,10512.0,0.0,14336.0,1355.0
2024-01-30,3308.0,1304.0,18440.0,0.0
2024-01-31,12480.0,0.0,27208.0,0.0
2024-02-01,30836.0,891.0,12824.0,0.0
2024-02-02,32444.0,1348.0,10368.0,1059.0
2024-02-03,42564.0,0.0,2204.0,628.0
2024-02-04,57212.0,0.0,0.0,0.0
2024-02-05,25768.0,732.0,10076.0,424.0
2024-02-06,21968.0,88.0,8664.0,350.0
2024-02-07,15836.0,4478.0,14892.0,114.0
2024-02-08,5624.0,762.0,23488.0,626.0
2024-02-09,5852.0,2638.0,21196.0,1925.0
2024-02-10,1324.0,660.0,17776.0,292.0
2024-02-11,10304.0,750.0,14548.0,272.0
2024-02-12,5372.0,2482.0,19684.0,0.0
2024-02-13,8522.0,575.0,19128.0,1684.0
2024-02-14,9504.0,1164.0,17760.0,319.0
2024-02-15,6800.0,0.0,28320.0,1055.0
2024-02-16,24812.0,171.0,15036.0,0.0
2024-02-17,8896.0,0.0,14032.0,1047.0
2024-02-18,18492.0,2603.0,5328.0,189.0
2024-02-19,14096.0,366.0,11628.0,0.0
2024-02-20,6256.0,205.0,20236.0,875.0
2024-02-21,24400.0,120.0,9232.0,1804.0
2024-02-22,26988.0,0.0,9636.0,4202.0
2024-02-23,29724.0,0.0,8504.0,0.0
2024-02-24,16364.0,1186.0,25324.0,2523.0
2024-02-25,17696.0,0.0,21256.0,2812.0
2024-02-26,10104.0,0.0,20572.0,3767.0
2024-02-27,5788.0,706.0,24256.0,0.0
2024-02-28,5556.0,0.0,24111.0,2046.0
2024-02-29,21604.0,0.0,8492.0,1860.0
2024-03-01,6540.0,0.0,27956.0,0.0
2024-03-02,4624.0,1300.0,28292.0,1153.0
2024-03-03,8688.0,0.0,24332.0,3265.0
2024-03-04,6528.0,0.0,19416.0,3852.0
2024-03-05,15040.0,264.0,19116.0,5001.0
2024-03-06,3216.0,20.0,24899.0,4852.0
2024-03-07,10312.0,108.0,29992.0,317.0
2024-03-08,19044.0,0.0,21844.0,1568.0
2024-03-09,36484.0,884.0,13288.0,5987.0
2024-03-10,40108.0,555.0,7116.0,0.0
2024-03-11,11080.0,10.0,24176.0,2201.0
2024-03-12,10276.0,0.0,26664.0,365.0
2024-03-13,7632.0,1339.0,18668.0,513.0
2024-03-14,11012.0,0.0,26800.0,2959.0
2024-03-15,37540.0,2030.0,12688.0,886.0
2024-03-16,40028.0,741.0,8748.0,0.0
2024-03-17,22152.0,819.0,12444.0,593.0
2024-03-18,11168.0,280.0,20768.0,232.0
2024-03-19,15712.0,155.0,20020.0,1156.0
2024-03-20,9652.0,518.0,32048.0,352.0
2024-03-21,9828.0,168.0,31488.0,1102.0
2024-03-22,21528.0,1567.0,19564.0,1915.0
2024-03-23,35872.0,4864.0,13384.0,665.0
2024-03-24,35336.0,0.0,16120.0,4204.0
2024-03-25,4796.0,0.0,36740.0,1719.0
2024-03-26,3596.0,145.0,33604.0,0.0
2024-03-27,6056.0,484.0,35080.0,850.0
2024-03-28,20868.0,2321.0,17096.0,1530.0
2024-03-29,40832.0,163.0,8868.0,935.0
2024-03-30,33564.0,757.0,23188.0,2049.0
2024-03-31,30796.0,2710.0,13272.0,454.0
2024-04-01,24452.0,159.0,14472.0,674.0
2024-04-02,24532.0,6252.0,17732.0,393.0
2024-04-03,4740.0,0.0,19492.0,1427.0
2024-04-04,12112.0,0.0,11404.0,100.0
2024-04-05,17492.0,2138.0,15804.0,840.0
2024-04-06,23164.0,7318.0,12236.0,0.0
2024-04-07,28964.0,0.0,12644.0,3761.0
2024-04-08,18740.0,252.0,21435.0,5592.0
2024-04-09,10684.0,338.0,16952.0,759.0
2024-04-10,20700.0,0.0,7436.0,1198.0
2024-04-11,39848.0,1604.0,7428.0,245.0
2024-04-12,21680.0,0.0,6292.0,45.0
2024-04-13,25976.0,1522.0,15820.0,62.0
2024-04-14,31468.0,0.0,21384.0,1370.0
2024-04-15,27388.0,746.0,12316.0,0.0
2024-04-16,19780.0,0.0,14972.0,276.0
2024-04-17,10600.0,0.0,31044.0,2544.0
2024-04-18,14152.0,0.0,21984.0,11264.0
2024-04-19,29496.0,370.0,28264.0,905.0
2024-04-20,34648.0,3991.0,25132.0,1514.0
2024-04-21,32723.0,6432.0,25497.0,581.0
2024-04-22,11072.0,1150.0,47684.0,1170.0
2024-04-23,8972.0,282.0,45829.0,1374.0
2024-04-24,13660.0,297.0,36068.0,731.0
2024-04-25,16784.0,568.0,30628.0,174.0
2024-04-26,15440.0,949.0,21856.0,2403.0
2024-04-27,15916.0,2964.0,22380.0,0.0
2024-04-28,20768.0,3365.0,21296.0,656.0
2024-04-29,16236.0,225.0,24636.0,212.0
2024-04-30,23172.0,0.0,27908.0,2004.0
2024-05-01,1476.0,0.0,15756.0,700.0
2024-05-02,2132.0,0.0,15512.0,737.0
2024-05-03,12581.0,150.0,18983.0,356.0
2024-05-04,9888.0,0.0,32752.0,2345.0
2024-05-05,9196.0,1038.0,36592.0,5771.0
2024-05-06,26064.0,2923.0,40180.0,261.0
2024-05-07,28872.0,555.0,41564.0,394.0
2024-05-08,26948.0,456.0,34632.0,318.0
2024-05-09,30648.0,6917.0,39548.0,0.0
2024-05-10,30692.0,1350.0,37672.0,2116.0
2024-05-11,31248.0,4800.0,38656.0,3628.0
2024-05-12,26144.0,24.0,34844.0,2502.0
2024-05-13,17560.0,2730.0,35660.0,1192.0
2024-05-14,9428.0,260.0,34168.0,714.0
2024-05-15,3284.0,0.0,21444.0,540.0
2024-05-16,8804.0,0.0,44668.0,360.0
2024-05-17,10292.0,1575.0,43100.0,1422.0
2024-05-18,13728.0,1850.0,44195.0,0.0
2024-05-19,12308.0,480.0,40520.0,194.0
2024-05-20,4500.0,566.0,42076.0,6936.0
2024-05-21,10232.0,756.0,39684.0,1064.0
2024-05-22,14996.0,658.0,29036.0,1082.0
2024-05-23,10792.0,517.0,34936.0,5111.0
2024-05-24,10608.0,3280.0,30884.0,0.0
2024-05-25,18028.0,0.0,31152.0,686.0
2024-05-26,17504.0,0.0,30832.0,4654.0
2024-05-27,18652.0,4693.0,32732.0,2489.0
2024-05-28,11900.0,1737.0,39880.0,571.0
2024-05-29,12984.0,0.0,39980.0,5322.0
2024-05-30,10328.0,0.0,37608.0,596.0
2024-05-31,1420.0,0.0,53292.0,130.0
2024-06-01,29040.0,0.0,29420.0,68.0
2024-06-02,35260.0,0.0,31940.0,8457.0
2024-06-03,17972.0,0.0,48784.0,933.0
2024-06-04,22244.0,0.0,45136.0,2131.0
2024-06-05,26748.0,23.0,36902.0,3375.0
2024-06-06,18088.0,0.0,41138.0,699.0
2024-06-07,16732.0,0.0,46460.0,2149.0
2024-06-08,14336.0,280.0,44986.0,452.0
2024-06-09,25676.0,1281.0,31748.0,416.0
2024-06-10,12992.0,30.0,39940.0,3970.0
2024-06-11,25028.0,0.0,34119.0,1606.0
2024-06-12,15324.0,0.0,64476.0,112.0
2024-06-13,14296.0,836.0,85884.0,779.0
2024-06-14,6144.0,845.0,70250.0,0.0
2024-06-15,15736.0,10.0,72060.0,794.0
2024-06-16,12788.0,0.0,71736.0,1137.0
2024-06-17,17676.0,556.0,62404.0,0.0
2024-06-18,16960.0,1450.0,50108.0,0.0
2024-06-19,23300.0,0.0,55644.0,3731.0
2024-06-20,24788.0,0.0,62216.0,378.0
2024-06-21,19088.0,0.0,64856.0,380.0
2024-06-22,31492.0,1036.0,54424.0,11025.0
2024-06-23,27892.0,0.0,57444.0,15878.0
2024-06-24,25780.0,1248.0,51212.0,2892.0
2024-06-25,22048.0,92.0,49872.0,5657.0
2024-06-26,30184.0,2155.0,49084.0,2408.0
2024-06-27,24796.0,1861.0,52812.0,488.0
2024-06-28,33204.0,214.0,43905.0,126.0
2024-06-29,35124.0,0.0,45896.0,5829.0
2024-06-30,22420.0,5122.0,41228.0,2240.0
2024-07-01,20676.0,1979.0,48605.0,103.0
2024-07-02,19864.0,277.0,51443.0,0.0
2024-07-03,18808.0,1942.0,50460.0,1519.0
2024-07-04,42124.0,4975.0,32860.0,260.0
2024-07-05,43744.0,2990.0,33293.0,120.0
2024-07-06,49055.0,1920.0,36105.0,3073.0
2024-07-07,88712.0,2664.0,161336.0,615.0
2024-07-08,27600.0,0.0,52588.0,3901.0
2024-07-09,24228.0,642.0,58896.0,10531.0
2024-07-10,24428.0,0.0,53356.0,3688.0
2024-07-11,16816.0,0.0,53576.0,2290.0
2024-07-12,18408.0,0.0,49472.0,5123.0
2024-07-13,35752.0,2115.0,40728.0,48.0
2024-07-14,19424.0,0.0,37612.0,4059.0
2024-07-15,20020.0,0.0,46984.0,1291.0
2024-07-16,34612.0,88.0,41544.0,184.0
2024-07-17,15464.0,0.0,39864.0,0.0
2024-07-18,10008.0,0.0,40652.0,385.0
2024-07-19,15088.0,0.0,50204.0,642.0
2024-07-20,15840.0,0.0,47904.0,4006.0
2024-07-21,11564.0,0.0,51162.0,1215.0
2024-07-22,7592.0,160.0,45644.0,1750.0
2024-07-23,3136.0,0.0,67914.0,192.0
2024-07-24,4724.0,0.0,64524.0,6366.066
2024-07-25,3276.0,0.0,74144.0,6734.668
2024-07-26,14512.0,1575.2,71232.0,0.0
2024-07-27,14072.0,1170.0,65924.0,351.0
2024-07-28,20808.0,996.0,70834.0,6742.0
2024-07-29,20140.0,895.0,71580.0,5396.0
2024-07-30,19232.0,6522.0,73645.0,0.0
2024-07-31,23400.0,80.0,64720.0,2045.0
2024-08-01,28768.0,0.0,79376.0,4837.0
2024-08-02,19696.0,105.0,60436.0,480.0
2024-08-03,36920.0,2028.0,44764.0,4044.0
2024-08-04,37360.0,707.0,33516.0,312.0
2024-08-05,13344.0,0.0,37192.0,621.0
2024-08-06,21792.0,1234.0,32024.0,78.0
2024-08-07,23356.0,0.0,24632.0,164.0
2024-08-08,18432.0,498.0,18544.0,1660.0
2024-08-09,36772.0,0.0,12948.0,1570.0
2024-08-10,19280.0,0.0,32160.0,985.0
2024-08-11,22752.0,201.0,27164.0,0.0
2024-08-12,23192.0,218.0,35048.0,961.0
2024-08-13,19096.0,1579.0,36324.0,501.0
2024-08-14,21804.0,4858.0,40912.0,5922.0
2024-08-15,34984.0,2717.0,32028.0,3834.0
2024-08-16,35368.0,0.0,34769.0,10178.0
2024-08-17,47059.0,0.0,34193.0,6161.0
2024-08-18,41096.0,5609.0,32920.0,2385.0
2024-08-19,28272.0,2674.0,40952.0,4426.0
2024-08-20,22372.0,1740.0,44652.0,6699.0
2024-08-21,31912.0,3016.0,34636.0,8647.0
2024-08-22,33640.0,0.0,34828.0,15107.0
2024-08-23,35712.0,3088.0,35572.0,6702.0
2024-08-24,22028.0,1646.0,51256.0,0.0
2024-08-25,27788.0,543.0,48000.0,3579.0
2024-08-26,14800.0,217.0,63552.0,11412.0
2024-08-27,13224.0,255.0,56948.0,9232.0
2024-08-28,12520.0,1901.0,46080.0,10500.0
2024-08-29,8560.0,0.0,59060.0,3200.0
2024-08-30,20208.0,5674.0,50172.0,218.0
2024-08-31,19240.0,0.0,54324.0,6811.0
2024-09-01,31436.0,669.0,47052.0,495.0
2024-09-02,7076.0,2001.0,54724.0,0.0
2024-09-03,8056.0,104.0,26992.0,1187.0
2024-09-04,9712.0,1204.0,25564.0,2713.0
2024-09-05,8376.0,0.0,24580.0,1103.0
2024-09-06,4356.0,0.0,24860.0,2608.0
2024-09-07,3340.0,0.0,27176.0,3229.0
2024-09-08,2848.0,0.0,27868.0,4656.0
2024-09-09,4820.0,0.0,28560.0,6104.0
2024-09-10,4672.0,120.0,25916.0,0.0
2024-09-11,2440.0,60.0,27452.0,1290.0
2024-09-12,3760.0,0.0,26232.0,5236.0
2024-09-13,3356.0,1044.0,48420.0,0.0
2024-09-14,3236.0,197.0,55804.0,3191.0
2024-09-15,2660.0,312.0,65256.0,0.0
2024-09-16,8912.0,1480.0,56736.0,0.0
2024-09-17,8768.0,548.0,58172.0,607.0
2024-09-18,12168.0,57.0,61560.0,439.0
2024-09-19,5844.0,0.0,63564.0,2197.0
2024-09-20,7568.0,146.0,61560.0,2154.0
2024-09-21,12172.0,1723.0,56808.0,2612.0
2024-09-22,3360.0,600.0,67616.0,0.0
2024-09-23,8008.0,1564.0,62156.0,660.0
2024-09-24,13540.0,1328.0,56440.0,1954.0
2024-09-25,11203.0,0.0,50238.0,2094.0
2024-09-26,13917.0,0.0,51103.0,0.0
2024-09-27,14812.0,0.0,51008.0,2466.0
2024-09-28,11676.0,2154.0,57648.0,9083.0
2024-09-29,13672.0,1646.0,50832.0,5795.0
2024-09-30,18088.0,402.0,44652.0,3819.0
2024-10-01,13776.0,0.0,55268.0,885.0
2024-10-02,11072.0,368.0,60872.0,5911.0
2024-10-03,18980.0,0.0,54264.0,3345.0
2024-10-04,15316.0,108.0,57868.0,872.0
2024-10-05,18589.0,0.0,51356.0,0.0
2024-10-06,24548.0,0.0,50308.0,5530.0
2024-10-07,22828.0,1374.0,54088.0,1571.0
2024-10-08,22956.0,0.0,52592.0,5116.0
2024-10-09,17436.0,0.0,52928.0,995.0
2024-10-10,18696.0,0.0,48812.0,0.0
2024-10-11,12524.0,164.0,50912.0,128.0
2024-10-12,15564.0,1377.0,38068.0,0.0
2024-10-13,30428.0,3614.0,18216.0,0.0
2024-10-14,12176.0,0.0,49933.0,7615.0
2024-10-15,11704.0,156.0,57840.0,5510.0
2024-10-16,43624.0,0.0,44608.0,9115.0
2024-10-17,32148.0,0.0,53352.0,19136.0
2024-10-18,23492.0,0.0,69564.0,5742.0
2024-10-19,21696.0,0.0,56532.0,4733.0
2024-10-20,33124.0,0.0,48396.0,4335.0
2024-10-21,37300.0,0.0,46784.0,9884.0
2024-10-22,13541.0,1090.0,67502.0,1327.0
2024-10-23,12984.0,25.0,41953.0,6924.0
2024-10-24,13720.0,0.0,45932.0,2244.0
2024-10-25,17896.0,312.0,53916.0,418.0
2024-10-26,24280.0,0.0,56740.0,4138.0
2024-10-27,30540.0,0.0,38908.0,1456.0
2024-10-28,16832.0,829.0,48516.0,0.0
2024-10-29,21900.0,452.0,55700.0,4945.0
2024-10-30,14221.0,0.0,55545.0,6329.0
2024-10-31,8508.0,276.0,58604.0,26.0
2024-11-01,12100.0,520.0,65434.0,480.0
2024-11-02,12416.0,170.0,57136.0,0.0
2024-11-03,33296.0,1011.0,48844.0,1444.0
2024-11-04,24340.0,576.0,54000.0,131.0
2024-11-05,28283.0,2562.0,43745.0,0.0
2024-11-06,33816.0,12896.0,45464.0,0.0
2024-11-07,32244.0,8018.0,46785.0,0.0
2024-11-08,31236.0,2115.0,43040.0,0.0
2024-11-09,35872.0,2371.0,42192.0,0.0
2024-11-10,36468.0,7914.0,36136.0,0.0
2024-11-11,32600.0,1634.0,35440.0,0.0
2024-11-12,21800.0,642.0,38268.0,641.0
2024-11-13,33840.0,0.0,23236.0,1392.0
2024-11-14,37040.0,5445.0,27380.0,0.0
2024-11-15,41800.0,542.0,27732.0,0.0
2024-11-16,42644.0,0.0,26344.0,3574.0
2024-11-17,36496.0,3939.0,35040.0,0.0
2024-11-18,24560.0,1319.0,37004.0,336.0
2024-11-19,19840.0,1617.0,43700.0,1612.0
2024-11-20,27519.0,148.0,30337.0,504.0
2024-11-21,23377.0,6998.0,37341.0,0.0
2024-11-22,29795.0,4876.0,31994.0,0.0
2024-11-23,39124.0,2420.0,38545.0,2020.0
2024-11-24,57004.0,6686.0,24888.0,0.0
2024-11-25,45236.0,45.0,31688.0,7627.0
2024-11-26,37744.0,0.0,35250.0,8979.0
2024-11-27,24628.0,0.0,29960.0,632.0
2024-11-28,24344.0,728.0,21788.0,344.0
2024-11-29,25056.0,1054.0,30664.0,0.0
2024-11-30,35580.0,0.0,23816.0,3868.0
2024-12-01,35568.0,0.0,17556.0,3333.0
2024-12-02,33740.0,3850.0,23876.0,0.0
2024-12-03,20824.0,0.0,27924.0,291.0
2024-12-04,21664.0,40.0,34340.0,378.0
2024-12-05,34300.0,6317.0,33212.0,0.0
2024-12-06,30820.0,0.0,32612.0,2122.0
2024-12-07,36612.0,574.0,33208.0,2366.0
2024-12-08,38640.0,1491.0,29584.0,882.0
2024-12-09,32828.0,2505.0,28708.0,1157.0
2024-12-10,15636.0,2128.0,38320.0,0.0
2024-12-11,18064.0,3208.0,42796.0,0.0
2024-12-12,13840.0,0.0,33956.0,4911.0
2024-12-13,23468.0,376.0,32624.0,11593.0
2024-12-14,35984.0,7322.0,29168.0,0.0
2024-12-15,38016.0,3593.0,25960.0,606.0
2024-12-16,49620.0,756.0,11680.0,3772.0
2024-12-17,28844.0,937.0,27104.0,0.0
2024-12-18,41824.0,0.0,24951.0,7220.0
2024-12-19,40860.0,11106.0,26140.0,1250.0
2024-12-20,28952.0,6725.0,30508.0,0.0
2024-12-21,29640.0,129.0,35888.0,12437.0
2024-12-22,34484.0,0.0,30064.0,5890.0
2024-12-23,15940.0,0.0,41784.0,10353.0
2024-12-24,34164.0,1098.0,29744.0,36.0
2024-12-25,35656.0,0.0,27592.0,2618.0
2024-12-26,38388.0,0.0,23932.0,696.0
2024-12-27,30779.0,3789.0,32637.0,0.0
2024-12-28,38284.0,6705.0,29508.0,0.0
2024-12-29,32896.0,1507.0,21012.0,0.0
2024-12-30,32532.0,0.0,23832.0,120.0
2024-12-31,29044.0,3802.0,28716.0,0.0
2025-01-01,28780.0,0.0,22804.0,0.0
2025-01-02,19864.0,2102.55,26333.0,0.0
2025-01-03,28604.0,2829.098,22544.0,404.366
2025-01-04,20920.0,7577.233,30591.0,0.0
2025-01-05,25756.0,18999.768,31704.0,0.0
2025-01-06,35668.0,732.0,23388.0,0.0
2025-01-07,30728.0,5721.0,23111.0,0.0
2025-01-08,28308.0,1550.7,18976.0,6873.167
2025-01-09,22768.0,1398.435,28084.0,0.0
2025-01-10,21836.0,2511.0,34192.0,3902.736
2025-01-11,20920.0,0.0,23636.0,14973.366
2025-01-12,14656.0,848.4,41668.0,4190.2
2025-01-13,23020.0,6622.133,30096.0,0.0
2025-01-14,16472.0,3194.85,28068.0,1009.4
2025-01-15,14500.0,0.0,29436.0,430.6
2025-01-16,20464.0,0.0,25994.0,9829.134
2025-01-17,22620.0,0.0,21208.0,7688.2
2025-01-18,20936.0,450.0,26912.0,1049.702
2025-01-19,13068.0,90.0,41352.0,0.0
2025-01-20,16671.0,0.0,29051.0,1541.4
2025-01-21,24528.0,4418.7,27870.0,0.0
2025-01-22,25996.0,2848.0,16332.0,731.0
2025-01-23,16992.0,1204.0,26564.0,378.0
2025-01-24,19880.0,277.0,30524.0,645.0
2025-01-25,15576.0,624.5,36012.0,353.084
2025-01-26,14560.0,5697.0,42808.0,0.0
2025-01-27,10248.0,3348.899,39560.0,1539.334
2025-01-28,14644.0,124.69900000000001,41268.0,6612.1
2025-01-29,5248.0,0.0,42884.0,11272.6
2025-01-30,15224.0,0.0,31452.0,11710.0
2025-01-31,15034.0,3305.0,28502.0,1380.0
2025-02-01,11483.0,765.0,29957.0,2439.0
2025-02-02,7632.0,0.0,31644.0,7277.0
2025-02-03,11524.0,0.0,30708.0,3946.0
2025-02-04,18592.0,3290.1,25764.0,0.0
2025-02-05,16592.0,0.0,34600.0,8187.0
2025-02-06,21423.0,0.0,30343.0,6219.667
2025-02-07,14732.0,0.0,34288.0,2687.0
2025-02-08,9608.0,0.0,45284.0,732.1
2025-02-09,11732.0,0.0,37904.0,1281.5
2025-02-10,20280.0,0.0,36708.0,0.0
2025-02-11,7784.0,0.0,40724.0,322.0
2025-02-12,11943.0,30.0,39468.0,0.0
2025-02-13,7638.0,336.9,44425.0,0.0
2025-02-14,4523.0,0.0,47070.0,5289.301
2025-02-15,12296.0,0.0,37836.0,1022.0
2025-02-16,13656.0,453.717,35176.0,6019.668
2025-02-17,14692.0,0.0,37288.0,5137.8
2025-02-18,15024.0,2931.234,46288.0,768.0
2025-02-19,8200.0,729.0,48296.0,0.0
2025-02-20,16728.0,4776.0,36132.0,0.0
2025-02-21,5236.0,88.0,43216.0,113.0
2025-02-22,10899.0,0.0,40627.0,472.5
2025-02-23,14512.0,0.0,41484.0,3012.868
2025-02-24,11836.0,0.0,39428.0,2881.0
2025-02-25,5928.0,0.0,38508.0,0.0
2025-02-26,6096.0,0.0,39476.0,0.0
2025-02-27,7886.0,0.0,39274.0,190.0
2025-02-28,14944.0,0.0,31772.0,0.0
2025-03-01,8941.0,313.0,38772.0,0.0
2025-03-02,18872.0,0.0,30140.0,0.0
2025-03-03,12656.0,0.0,37364.0,526.0
2025-03-04,19765.0,30.0,27677.0,731.0
2025-03-05,14714.0,97.0,32398.0,2327.0
2025-03-06,20370.0,0.0,33355.0,4798.0
2025-03-07,13712.0,0.0,41351.0,2754.0
2025-03-08,10144.0,36.0,42218.0,249.0
2025-03-09,8751.0,403.0,37858.0,845.0
2025-03-10,5908.0,131.0,41586.0,8717.0
2025-03-11,10935.0,180.0,36677.0,3402.0
2025-03-12,9953.0,383.0,31724.0,5627.0
2025-03-13,14546.0,163.0,27052.0,3380.0
2025-03-14,15471.0,77.0,27192.0,4333.0
2025-03-15,3280.0,25.0,38038.0,32.0
2025-03-16,4756.0,54.0,37244.0,768.0
2025-03-17,4172.0,0.0,35059.0,0.0
2025-03-18,2692.0,0.0,34991.0,6497.0
2025-03-19,3009.0,45.0,39661.0,2359.0
2025-03-20,2082.0,0.0,36444.0,546.0
2025-03-21,3439.0,0.0,26990.0,1121.0
2025-03-22,8645.0,346.0,23073.0,513.0
2025-03-23,8506.0,247.0,29063.0,162.0
2025-03-24,4842.0,115.0,26886.0,2298.0
2025-03-25,11604.0,78.0,23597.0,281.0
2025-03-26,3106.0,0.0,18928.0,103.0
2025-03-27,9222.0,64.0,19445.0,1242.0
2025-03-28,12728.0,66.0,19349.0,2622.0
2025-03-29,9540.0,261.0,23366.0,749.0
2025-03-30,7645.0,248.0,15315.0,1168.0
2025-03-31,8245.0,0.0,19195.0,5347.0
2025-04-01,6116.0,0.0,17220.0,4052.0
2025-04-02,10348.0,0.0,17188.0,2961.0
2025-04-03,9508.0,0.0,35385.0,3117.0
2025-04-04,12936.0,54.0,37189.0,3036.0
2025-04-05,5222.0,0.0,23027.0,1317.0
2025-04-06,6484.0,0.0,23664.0,3998.0
2025-04-07,2800.0,0.0,20600.0,6369.0
2025-04-08,4989.0,35.0,23935.0,4742.0
2025-04-09,1940.0,25.0,30357.0,10834.0
2025-04-10,4361.0,710.0,24004.0,1928.0
2025-04-11,6937.0,1205.0,21494.0,1010.0
2025-04-12,8841.0,0.0,29145.0,2147.0
2025-04-13,4496.0,85.0,26210.0,162.0
2025-04-14,7712.0,0.0,28349.0,1435.0
2025-04-15,5308.0,0.0,34039.0,7017.0
2025-04-16,3372.0,267.0,33659.0,5420.0
2025-04-17,3410.0,0.0,32244.0,10613.0
2025-04-18,3471.0,212.0,30471.0,4333.0
2025-04-19,4433.0,127.0,35857.0,4534.0
2025-04-20,1479.0,18.0,42585.0,1880.0
2025-04-21,7357.0,501.0,35965.0,5724.0
2025-04-22,7845.0,585.0,31853.0,5075.0
2025-04-23,8770.0,35.0,25842.0,10253.0
2025-04-24,12539.0,15.0,23337.0,7017.0
2025-04-25,12644.0,183.0,27864.0,5299.0
2025-04-26,12067.0,990.0,24691.0,1838.0
2025-04-27,5702.0,35.0,43568.0,4806.0
2025-04-28,8884.0,159.0,49395.0,1965.0
2025-04-29,14430.0,458.0,41312.0,3776.0
2025-04-30,9886.0,0.0,47451.0,6041.0
2025-05-01,10284.0,212.0,44278.0,5870.0
2025-05-02,16776.0,428.0,38435.0,12830.0
2025-05-03,11556.0,587.0,49179.0,5834.0
2025-05-04,14658.0,322.0,43667.0,2903.0
2025-05-05,10180.0,397.0,44974.0,4921.0
2025-05-06,10255.0,255.0,53527.0,9594.0
2025-05-07,4800.0,0.0,21819.0,3703.0
2025-05-08,9887.0,0.0,15245.0,5527.0
2025-05-09,18087.0,0.0,17201.0,4737.0
2025-05-10,28019.0,0.0,36867.0,7887.0
2025-05-11,29001.0,0.0,34261.0,5150.0
2025-05-12,28126.0,651.0,30003.0,5197.0
2025-05-13,27034.0,1123.0,34250.0,4760.0
2025-05-14,18421.0,1067.0,30405.0,1068.0
2025-05-15,18135.0,1981.0,32018.0,1111.0
2025-05-16,16436.0,1514.0,28885.0,947.0
2025-05-17,16607.0,597.0,35983.0,4585.0
2025-05-18,8128.0,46.0,46301.0,262.0
2025-05-19,7384.0,127.0,36768.0,4141.0
2025-05-20,10298.0,0.0,33768.0,2649.0
2025-05-21,14339.0,184.0,32894.0,2002.0
2025-05-22,14313.0,1647.0,36697.0,877.0
2025-05-23,13537.0,884.0,45928.0,4044.0
2025-05-24,8101.0,263.0,44585.0,4279.0
2025-05-25,14457.0,5220.0,43793.0,514.0
2025-05-26,12772.0,99.0,38907.0,5099.0
2025-05-27,10110.0,1297.0,43107.0,949.0
2025-05-28,6025.0,153.0,37665.0,1645.0
2025-05-29,7711.0,0.0,35453.0,8877.0
2025-05-30,17474.0,132.0,41323.0,7881.0
2025-05-31,5794.0,52.0,41162.0,5329.0
2025-06-01,8770.0,1737.0,46662.0,3036.0
2025-06-02,5717.0,363.0,46374.0,4331.0
2025-06-03,8086.0,415.0,44107.0,5048.0
2025-06-04,23088.0,40.0,44761.0,5080.0
2025-06-05,22255.0,301.0,45335.0,4245.0
2025-06-06,27727.0,199.0,33326.0,2478.0
2025-06-07,18452.0,128.0,34170.0,3857.0
2025-06-08,40842.0,0.0,36041.0,9559.0
2025-06-09,39342.0,2261.0,39433.0,2019.0
2025-06-10,35037.0,93.0,30512.0,5667.0
2025-06-11,18090.0,35.0,24903.0,154.0
2025-06-12,23919.0,727.0,18998.0,3581.0
2025-06-13,25505.0,510.0,17519.0,4696.0
2025-06-14,28002.0,98.0,19890.0,276.0
2025-06-15,15153.0,499.0,34682.0,1608.0
2025-06-16,13498.0,79.0,32661.0,5201.0
2025-06-17,14640.0,242.0,28786.0,3737.0
2025-06-18,21710.0,538.0,20238.0,1593.0
2025-06-19,18540.0,0.0,27525.0,1234.0
2025-06-20,18722.0,40.0,31134.0,11661.0
2025-06-21,15612.0,0.0,31142.0,7277.0
2025-06-22,23649.0,0.0,29934.0,4733.0
2025-06-23,16399.0,0.0,28585.0,3408.0
2025-06-24,17266.0,237.0,26296.0,2356.0
2025-06-25,26829.0,50.0,34503.0,22759.0
2025-06-26,22552.0,0.0,35682.0,10546.0
2025-06-27,41381.0,471.0,31982.0,3059.0
2025-06-28,30016.0,325.0,39790.0,923.0
2025-06-29,26501.0,1657.0,42396.0,2470.0
2025-06-30,27755.0,238.0,30771.0,3549.0
2025-07-01,25530.0,83.0,34548.0,4421.0
2025-07-02,16580.0,238.0,42512.0,7219.0
2025-07-03,25539.0,729.0,46052.0,1498.0
2025-07-04,25404.0,1.0,39619.0,2564.0
2025-07-05,31417.0,0.0,40857.0,1662.0
2025-07-06,25857.0,13.0,43820.0,2898.0
2025-07-07,25673.0,0.0,34823.0,3989.0
2025-07-08,24765.0,152.0,40734.0,1812.0
2025-07-09,29487.0,0.0,36759.0,2599.0
2025-07-10,24687.0,0.0,32582.0,4640.0
2025-07-11,27669.0,608.0,29310.0,1423.0
2025-07-12,25094.0,780.0,32974.0,105.0
2025-07-13,18981.0,0.0,42217.0,7865.0
2025-07-14,16636.0,0.0,40148.0,6142.0
2025-07-15,23897.0,524.0,26861.0,1846.0
2025-07-16,16534.0,0.0,29374.0,4767.0
2025-07-17,22511.0,268.0,27582.0,3152.0
2025-07-18,26928.0,102.0,32339.0,5877.0
2025-07-19,43452.0,1846.0,25601.0,816.0
2025-07-20,46079.0,1442.0,30239.0,2141.0
2025-07-21,18854.0,110.0,18356.0,1047.0
2025-07-22,23064.0,109.0,26353.0,1937.0
2025-07-23,23605.0,979.0,30120.0,4932.0
2025-07-24,22900.0,818.0,24504.0,3536.0
2025-07-25,21752.0,403.0,24526.0,2203.0
2025-07-26,22470.0,0.0,23108.0,3094.0
2025-07-27,28865.0,0.0,23450.0,3080.0
2025-07-28,17848.0,69.0,33519.0,6915.0
2025-07-29,25865.0,1721.0,29720.0,305.0
2025-07-30,9862.0,158.0,28384.0,2255.0
2025-07-31,18213.0,56.0,29055.0,1327.0
2025-08-01,10783.0,46.0,36590.0,4088.0
2025-08-02,9405.0,129.0,40133.0,4706.0
2025-08-03,64.0,64.0,38588.0,985.0
2025-08-04,8387.0,243.0,36816.0,1576.0
2025-08-05,16015.0,95.0,37326.0,2619.0
2025-08-06,32085.0,728.0,41996.0,1959.0
2025-08-07,32220.0,506.0,40891.0,1197.0
2025-08-08,28599.0,785.0,45314.0,1514.0
2025-08-09,37514.0,224.0,30274.0,1470.0
2025-08-10,33670.0,1960.0,30619.0,1174.0
2025-08-11,23948.0,1934.0,47146.0,7370.0
2025-08-12,24954.0,1991.0,46341.0,8579.0
2025-08-13,21274.0,302.0,29455.0,4998.0
2025-08-14,23205.0,4817.0,30345.0,503.0
2025-08-15,50721.0,413.0,31550.0,683.0
2025-08-16,55497.0,0.0,37385.0,1181.0
2025-08-17,39121.0,1431.0,43662.0,2287.0
2025-08-18,16816.0,905.0,50869.0,7041.0
2025-08-19,44878.0,331.0,35425.0,1927.0
2025-08-20,27910.0,993.0,29119.0,4654.0
2025-08-21,24855.0,555.0,37674.0,10846.0
2025-08-22,22250.0,3076.0,27333.0,2129.0
2025-08-23,28816.0,144.0,44315.0,3436.0
2025-08-24,32388.0,225.0,44498.0,3639.0
2025-08-25,28546.0,3479.0,39519.0,5367.0
2025-08-26,23843.0,655.0,43925.0,12361.0
2025-08-27,16879.0,16.0,36954.0,5479.0
2025-08-28,22916.0,68.0,42676.0,5186.0
2025-08-29,23874.0,481.0,32880.0,1316.0
2025-08-30,23312.0,109.0,31446.0,2434.0
2025-08-31,21388.0,91.0,36989.0,2878.0
2025-09-01,25855.0,59.0,37232.0,3024.0
2025-09-02,29342.0,0.0,42303.0,4369.0
2025-09-03,43270.0,14.0,34451.0,3299.0
2025-09-04,29021.0,459.0,45337.0,5003.0
2025-09-05,26678.0,161.0,41623.0,4778.0
2025-09-06,22147.0,0.0,50852.0,5611.0
2025-09-07,34543.0,100.0,35650.0,2735.0
2025-09-08,15474.0,1059.0,47075.0,2124.0
2025-09-09,10608.0,140.0,48355.0,1618.0
2025-09-10,19718.0,845.0,47381.0,0.0
2025-09-11,14952.0,106.0,38608.0,3684.0
2025-09-12,33605.0,13.0,40828.0,778.0
2025-09-13,30833.0,52.0,40743.0,368.0
2025-09-14,28613.0,416.0,40705.0,548.0
2025-09-15,30394.0,368.0,29270.0,191.0
2025-09-16,23806.0,537.0,27820.0,1133.0
2025-09-17,7230.0,212.0,28624.0,0.0
2025-09-18,12039.0,0.0,31879.0,1479.0
2025-09-19,9298.0,0.0,39903.0,734.0
2025-09-20,11294.0,106.0,48960.0,15.0
2025-09-21,11512.0,311.0,44742.0,0.0
2025-09-22,14384.0,127.0,45377.0,0.0
2025-09-23,14775.0,445.0,36387.0,0.0
2025-09-24,8662.0,216.0,34364.0,4419.0
2025-09-25,11447.0,1114.0,33477.0,5569.0
2025-09-26,11987.0,729.0,37046.0,0.0
2025-09-27,22155.0,235.0,36323.0,3900.0
2025-09-28,25996.0,9027.0,36087.0,2112.0
2025-09-29,21419.0,3284.0,45291.0,1587.0
2025-09-30,14909.0,3610.0,40321.0,4667.0
2025-10-01,22056.0,222.0,51404.0,2243.0
2025-10-02,14676.0,1204.0,52250.0,3685.0
2025-10-03,24638.0,0.0,36207.0,319.0
2025-10-04,48073.0,8933.0,29756.0,0.0
2025-10-05,48082.0,2952.0,27836.0,25.0
2025-10-06,21554.0,1358.0,25415.0,353.0
2025-10-07,20184.0,1786.0,31506.0,597.0
2025-10-08,24070.0,107.0,33253.0,77.0
2025-10-09,12335.0,542.0,44002.0,232.0
2025-10-10,19930.0,1421.0,51794.0,112.0
2025-10-11,27889.0,3869.0,46811.0,888.0
2025-10-12,50283.0,966.0,41766.0,54.0
2025-10-13,17572.0,398.0,41412.0,4089.0
2025-10-14,14589.0,20.0,40365.0,4343.0
2025-10-15,16324.0,361.0,36497.0,4322.0
2025-10-16,10985.0,0.0,62120.0,11033.0
2025-10-17,13030.0,0.0,57972.0,10542.0
2025-10-18,12988.0,916.0,50573.0,899.0
2025-10-19,19699.0,80.0,50333.0,1389.0
2025-10-20,14683.0,27.0,46076.0,4664.0
2025-10-21,15558.0,332.0,47915.0,164.0
2025-10-22,35173.0,532.0,48773.0,3009.0
2025-10-23,20928.0,0.0,44384.0,5127.0
2025-10-24,31045.0,1019.0,46113.0,1015.0
2025-10-25,37075.0,406.0,31307.0,1559.0
2025-10-26,27381.0,394.0,32539.0,996.0
2025-10-27,19727.0,285.0,28000.0,999.0
2025-10-28,27721.0,476.0,32082.0,1979.0
2025-10-29,12015.0,0.0,43394.0,2995.0
2025-10-30,15760.0,18.0,52666.0,1742.0
2025-10-31,13284.0,0.0,46920.0,481.0
2025-11-01,28056.0,157.0,50132.0,816.0
2025-11-02,29112.0,59.0,47537.0,1950.0
2025-11-03,31031.0,80.0,40814.0,521.0
2025-11-04,23311.0,10.0,47787.0,1483.0
2025-11-05,20412.0,300.0,53230.0,4751.0
2025-11-06,15478.0,225.0,51341.0,2518.0
2025-11-07,18577.0,54.0,55559.0,11263.0
2025-11-08,13340.0,77.0,44106.0,4558.0
2025-11-09,5653.0,64.0,44801.0,1389.0
2025-11-10,13354.0,113.0,49422.0,3408.0
2025-11-11,14000.0,220.0,53800.0,1534.0
2025-11-12,37308.0,306.0,54918.0,743.0
2025-11-13,17941.0,3474.0,50023.0,79.0
