ts_local,date,hour,price,area,reserveType,direction
2025-01-01 00:00:00,2025-01-01,00:00,16.08,NO1,A96,A01
2025-01-01 01:00:00,2025-01-01,01:00,7.0,NO1,A96,A01
2025-01-01 02:00:00,2025-01-01,02:00,10.06,NO1,A96,A01
2025-01-01 03:00:00,2025-01-01,03:00,10.61,NO1,A96,A01
2025-01-01 04:00:00,2025-01-01,04:00,11.93,NO1,A96,A01
2025-01-01 05:00:00,2025-01-01,05:00,18.3,NO1,A96,A01
2025-01-01 06:00:00,2025-01-01,06:00,16.4,NO1,A96,A01
2025-01-01 07:00:00,2025-01-01,07:00,14.99,NO1,A96,A01
2025-01-01 08:00:00,2025-01-01,08:00,13.27,NO1,A96,A01
2025-01-01 09:00:00,2025-01-01,09:00,12.5,NO1,A96,A01
2025-01-01 10:00:00,2025-01-01,10:00,11.93,NO1,A96,A01
2025-01-01 11:00:00,2025-01-01,11:00,10.0,NO1,A96,A01
2025-01-01 12:00:00,2025-01-01,12:00,8.77,NO1,A96,A01
2025-01-01 13:00:00,2025-01-01,13:00,10.0,NO1,A96,A01
2025-01-01 14:00:00,2025-01-01,14:00,9.18,NO1,A96,A01
2025-01-01 15:00:00,2025-01-01,15:00,11.93,NO1,A96,A01
2025-01-01 16:00:00,2025-01-01,16:00,10.15,NO1,A96,A01
2025-01-01 17:00:00,2025-01-01,17:00,8.16,NO1,A96,A01
2025-01-01 18:00:00,2025-01-01,18:00,11.93,NO1,A96,A01
2025-01-01 19:00:00,2025-01-01,19:00,11.93,NO1,A96,A01
2025-01-01 20:00:00,2025-01-01,20:00,11.93,NO1,A96,A01
2025-01-01 21:00:00,2025-01-01,21:00,11.93,NO1,A96,A01
2025-01-01 22:00:00,2025-01-01,22:00,11.93,NO1,A96,A01
2025-01-01 23:00:00,2025-01-01,23:00,9.18,NO1,A96,A01
2025-01-02 00:00:00,2025-01-02,00:00,10.06,NO1,A96,A01
2025-01-02 01:00:00,2025-01-02,01:00,7.5,NO1,A96,A01
2025-01-02 02:00:00,2025-01-02,02:00,4.69,NO1,A96,A01
2025-01-02 03:00:00,2025-01-02,03:00,5.5,NO1,A96,A01
2025-01-02 04:00:00,2025-01-02,04:00,5.0,NO1,A96,A01
2025-01-02 05:00:00,2025-01-02,05:00,9.5,NO1,A96,A01
2025-01-02 06:00:00,2025-01-02,06:00,23.0,NO1,A96,A01
2025-01-02 07:00:00,2025-01-02,07:00,23.0,NO1,A96,A01
2025-01-02 08:00:00,2025-01-02,08:00,24.0,NO1,A96,A01
2025-01-02 09:00:00,2025-01-02,09:00,21.0,NO1,A96,A01
2025-01-02 10:00:00,2025-01-02,10:00,22.0,NO1,A96,A01
2025-01-02 11:00:00,2025-01-02,11:00,21.0,NO1,A96,A01
2025-01-02 12:00:00,2025-01-02,12:00,19.0,NO1,A96,A01
2025-01-02 13:00:00,2025-01-02,13:00,17.5,NO1,A96,A01
2025-01-02 14:00:00,2025-01-02,14:00,16.0,NO1,A96,A01
2025-01-02 15:00:00,2025-01-02,15:00,19.0,NO1,A96,A01
2025-01-02 16:00:00,2025-01-02,16:00,29.0,NO1,A96,A01
2025-01-02 17:00:00,2025-01-02,17:00,32.0,NO1,A96,A01
2025-01-02 18:00:00,2025-01-02,18:00,34.0,NO1,A96,A01
2025-01-02 19:00:00,2025-01-02,19:00,26.0,NO1,A96,A01
2025-01-02 20:00:00,2025-01-02,20:00,15.0,NO1,A96,A01
2025-01-02 21:00:00,2025-01-02,21:00,14.0,NO1,A96,A01
2025-01-02 22:00:00,2025-01-02,22:00,15.0,NO1,A96,A01
2025-01-02 23:00:00,2025-01-02,23:00,13.0,NO1,A96,A01
2025-01-03 00:00:00,2025-01-03,00:00,13.0,NO1,A96,A01
2025-01-03 01:00:00,2025-01-03,01:00,9.0,NO1,A96,A01
2025-01-03 02:00:00,2025-01-03,02:00,8.5,NO1,A96,A01
2025-01-03 03:00:00,2025-01-03,03:00,11.93,NO1,A96,A01
2025-01-03 04:00:00,2025-01-03,04:00,11.93,NO1,A96,A01
2025-01-03 05:00:00,2025-01-03,05:00,13.5,NO1,A96,A01
2025-01-03 06:00:00,2025-01-03,06:00,16.5,NO1,A96,A01
2025-01-03 07:00:00,2025-01-03,07:00,45.0,NO1,A96,A01
2025-01-03 08:00:00,2025-01-03,08:00,69.5,NO1,A96,A01
2025-01-03 09:00:00,2025-01-03,09:00,56.0,NO1,A96,A01
2025-01-03 10:00:00,2025-01-03,10:00,69.5,NO1,A96,A01
2025-01-03 11:00:00,2025-01-03,11:00,42.0,NO1,A96,A01
2025-01-03 12:00:00,2025-01-03,12:00,46.5,NO1,A96,A01
2025-01-03 13:00:00,2025-01-03,13:00,54.5,NO1,A96,A01
2025-01-03 14:00:00,2025-01-03,14:00,55.5,NO1,A96,A01
2025-01-03 15:00:00,2025-01-03,15:00,57.5,NO1,A96,A01
2025-01-03 16:00:00,2025-01-03,16:00,41.5,NO1,A96,A01
2025-01-03 17:00:00,2025-01-03,17:00,51.0,NO1,A96,A01
2025-01-03 18:00:00,2025-01-03,18:00,46.5,NO1,A96,A01
2025-01-03 19:00:00,2025-01-03,19:00,46.0,NO1,A96,A01
2025-01-03 20:00:00,2025-01-03,20:00,35.0,NO1,A96,A01
2025-01-03 21:00:00,2025-01-03,21:00,20.0,NO1,A96,A01
2025-01-03 22:00:00,2025-01-03,22:00,16.0,NO1,A96,A01
2025-01-03 23:00:00,2025-01-03,23:00,12.0,NO1,A96,A01
2025-01-04 00:00:00,2025-01-04,00:00,11.94,NO1,A96,A01
2025-01-04 01:00:00,2025-01-04,01:00,11.94,NO1,A96,A01
2025-01-04 02:00:00,2025-01-04,02:00,11.94,NO1,A96,A01
2025-01-04 03:00:00,2025-01-04,03:00,11.94,NO1,A96,A01
2025-01-04 04:00:00,2025-01-04,04:00,11.94,NO1,A96,A01
2025-01-04 05:00:00,2025-01-04,05:00,11.94,NO1,A96,A01
2025-01-04 06:00:00,2025-01-04,06:00,11.94,NO1,A96,A01
2025-01-04 07:00:00,2025-01-04,07:00,14.5,NO1,A96,A01
2025-01-04 08:00:00,2025-01-04,08:00,25.0,NO1,A96,A01
2025-01-04 09:00:00,2025-01-04,09:00,34.5,NO1,A96,A01
2025-01-04 10:00:00,2025-01-04,10:00,20.0,NO1,A96,A01
2025-01-04 11:00:00,2025-01-04,11:00,18.5,NO1,A96,A01
2025-01-04 12:00:00,2025-01-04,12:00,18.0,NO1,A96,A01
2025-01-04 13:00:00,2025-01-04,13:00,15.5,NO1,A96,A01
2025-01-04 14:00:00,2025-01-04,14:00,16.0,NO1,A96,A01
2025-01-04 15:00:00,2025-01-04,15:00,25.0,NO1,A96,A01
2025-01-04 16:00:00,2025-01-04,16:00,33.5,NO1,A96,A01
2025-01-04 17:00:00,2025-01-04,17:00,78.5,NO1,A96,A01
2025-01-04 18:00:00,2025-01-04,18:00,77.0,NO1,A96,A01
2025-01-04 19:00:00,2025-01-04,19:00,19.5,NO1,A96,A01
2025-01-04 20:00:00,2025-01-04,20:00,16.5,NO1,A96,A01
2025-01-04 21:00:00,2025-01-04,21:00,15.0,NO1,A96,A01
2025-01-04 22:00:00,2025-01-04,22:00,15.0,NO1,A96,A01
2025-01-04 23:00:00,2025-01-04,23:00,33.5,NO1,A96,A01
2025-01-05 00:00:00,2025-01-05,00:00,19.5,NO1,A96,A01
2025-01-05 01:00:00,2025-01-05,01:00,11.94,NO1,A96,A01
2025-01-05 02:00:00,2025-01-05,02:00,11.94,NO1,A96,A01
2025-01-05 03:00:00,2025-01-05,03:00,11.94,NO1,A96,A01
2025-01-05 04:00:00,2025-01-05,04:00,15.5,NO1,A96,A01
2025-01-05 05:00:00,2025-01-05,05:00,11.94,NO1,A96,A01
2025-01-05 06:00:00,2025-01-05,06:00,11.94,NO1,A96,A01
2025-01-05 07:00:00,2025-01-05,07:00,40.0,NO1,A96,A01
2025-01-05 08:00:00,2025-01-05,08:00,49.0,NO1,A96,A01
2025-01-05 09:00:00,2025-01-05,09:00,57.0,NO1,A96,A01
2025-01-05 10:00:00,2025-01-05,10:00,68.5,NO1,A96,A01
2025-01-05 11:00:00,2025-01-05,11:00,68.5,NO1,A96,A01
2025-01-05 12:00:00,2025-01-05,12:00,68.5,NO1,A96,A01
2025-01-05 13:00:00,2025-01-05,13:00,51.0,NO1,A96,A01
2025-01-05 14:00:00,2025-01-05,14:00,61.0,NO1,A96,A01
2025-01-05 15:00:00,2025-01-05,15:00,43.0,NO1,A96,A01
2025-01-05 16:00:00,2025-01-05,16:00,21.0,NO1,A96,A01
2025-01-05 17:00:00,2025-01-05,17:00,35.0,NO1,A96,A01
2025-01-05 18:00:00,2025-01-05,18:00,48.5,NO1,A96,A01
2025-01-05 19:00:00,2025-01-05,19:00,51.0,NO1,A96,A01
2025-01-05 20:00:00,2025-01-05,20:00,34.5,NO1,A96,A01
2025-01-05 21:00:00,2025-01-05,21:00,13.5,NO1,A96,A01
2025-01-05 22:00:00,2025-01-05,22:00,22.5,NO1,A96,A01
2025-01-05 23:00:00,2025-01-05,23:00,17.5,NO1,A96,A01
2025-01-06 00:00:00,2025-01-06,00:00,17.17,NO1,A96,A01
2025-01-06 01:00:00,2025-01-06,01:00,10.0,NO1,A96,A01
2025-01-06 02:00:00,2025-01-06,02:00,12.0,NO1,A96,A01
2025-01-06 03:00:00,2025-01-06,03:00,13.41,NO1,A96,A01
2025-01-06 04:00:00,2025-01-06,04:00,18.34,NO1,A96,A01
2025-01-06 05:00:00,2025-01-06,05:00,23.12,NO1,A96,A01
2025-01-06 06:00:00,2025-01-06,06:00,8.0,NO1,A96,A01
2025-01-06 07:00:00,2025-01-06,07:00,19.0,NO1,A96,A01
2025-01-06 08:00:00,2025-01-06,08:00,19.0,NO1,A96,A01
2025-01-06 09:00:00,2025-01-06,09:00,18.0,NO1,A96,A01
2025-01-06 10:00:00,2025-01-06,10:00,17.0,NO1,A96,A01
2025-01-06 11:00:00,2025-01-06,11:00,17.0,NO1,A96,A01
2025-01-06 12:00:00,2025-01-06,12:00,17.0,NO1,A96,A01
2025-01-06 13:00:00,2025-01-06,13:00,17.0,NO1,A96,A01
2025-01-06 14:00:00,2025-01-06,14:00,11.94,NO1,A96,A01
2025-01-06 15:00:00,2025-01-06,15:00,11.94,NO1,A96,A01
2025-01-06 16:00:00,2025-01-06,16:00,7.0,NO1,A96,A01
2025-01-06 17:00:00,2025-01-06,17:00,16.0,NO1,A96,A01
2025-01-06 18:00:00,2025-01-06,18:00,9.0,NO1,A96,A01
2025-01-06 19:00:00,2025-01-06,19:00,11.94,NO1,A96,A01
2025-01-06 20:00:00,2025-01-06,20:00,4.0,NO1,A96,A01
2025-01-06 21:00:00,2025-01-06,21:00,10.05,NO1,A96,A01
2025-01-06 22:00:00,2025-01-06,22:00,9.0,NO1,A96,A01
2025-01-06 23:00:00,2025-01-06,23:00,7.15,NO1,A96,A01
2025-01-07 00:00:00,2025-01-07,00:00,8.0,NO1,A96,A01
2025-01-07 01:00:00,2025-01-07,01:00,4.0,NO1,A96,A01
2025-01-07 02:00:00,2025-01-07,02:00,5.0,NO1,A96,A01
2025-01-07 03:00:00,2025-01-07,03:00,4.0,NO1,A96,A01
2025-01-07 04:00:00,2025-01-07,04:00,4.69,NO1,A96,A01
2025-01-07 05:00:00,2025-01-07,05:00,12.0,NO1,A96,A01
2025-01-07 06:00:00,2025-01-07,06:00,9.5,NO1,A96,A01
2025-01-07 07:00:00,2025-01-07,07:00,11.93,NO1,A96,A01
2025-01-07 08:00:00,2025-01-07,08:00,11.0,NO1,A96,A01
2025-01-07 09:00:00,2025-01-07,09:00,11.93,NO1,A96,A01
2025-01-07 10:00:00,2025-01-07,10:00,11.93,NO1,A96,A01
2025-01-07 11:00:00,2025-01-07,11:00,10.0,NO1,A96,A01
2025-01-07 12:00:00,2025-01-07,12:00,11.93,NO1,A96,A01
2025-01-07 13:00:00,2025-01-07,13:00,11.93,NO1,A96,A01
2025-01-07 14:00:00,2025-01-07,14:00,13.0,NO1,A96,A01
2025-01-07 15:00:00,2025-01-07,15:00,15.0,NO1,A96,A01
2025-01-07 16:00:00,2025-01-07,16:00,13.5,NO1,A96,A01
2025-01-07 17:00:00,2025-01-07,17:00,15.0,NO1,A96,A01
2025-01-07 18:00:00,2025-01-07,18:00,13.5,NO1,A96,A01
2025-01-07 19:00:00,2025-01-07,19:00,15.0,NO1,A96,A01
2025-01-07 20:00:00,2025-01-07,20:00,13.5,NO1,A96,A01
2025-01-07 21:00:00,2025-01-07,21:00,14.5,NO1,A96,A01
2025-01-07 22:00:00,2025-01-07,22:00,13.5,NO1,A96,A01
2025-01-07 23:00:00,2025-01-07,23:00,13.0,NO1,A96,A01
2025-01-08 00:00:00,2025-01-08,00:00,9.0,NO1,A96,A01
2025-01-08 01:00:00,2025-01-08,01:00,8.0,NO1,A96,A01
2025-01-08 02:00:00,2025-01-08,02:00,8.5,NO1,A96,A01
2025-01-08 03:00:00,2025-01-08,03:00,4.0,NO1,A96,A01
2025-01-08 04:00:00,2025-01-08,04:00,4.69,NO1,A96,A01
2025-01-08 05:00:00,2025-01-08,05:00,11.54,NO1,A96,A01
2025-01-08 06:00:00,2025-01-08,06:00,13.5,NO1,A96,A01
2025-01-08 07:00:00,2025-01-08,07:00,33.5,NO1,A96,A01
2025-01-08 08:00:00,2025-01-08,08:00,36.0,NO1,A96,A01
2025-01-08 09:00:00,2025-01-08,09:00,22.0,NO1,A96,A01
2025-01-08 10:00:00,2025-01-08,10:00,23.0,NO1,A96,A01
2025-01-08 11:00:00,2025-01-08,11:00,30.0,NO1,A96,A01
2025-01-08 12:00:00,2025-01-08,12:00,28.5,NO1,A96,A01
2025-01-08 13:00:00,2025-01-08,13:00,29.0,NO1,A96,A01
2025-01-08 14:00:00,2025-01-08,14:00,30.5,NO1,A96,A01
2025-01-08 15:00:00,2025-01-08,15:00,40.22,NO1,A96,A01
2025-01-08 16:00:00,2025-01-08,16:00,40.22,NO1,A96,A01
2025-01-08 17:00:00,2025-01-08,17:00,40.22,NO1,A96,A01
2025-01-08 18:00:00,2025-01-08,18:00,21.5,NO1,A96,A01
2025-01-08 19:00:00,2025-01-08,19:00,21.0,NO1,A96,A01
2025-01-08 20:00:00,2025-01-08,20:00,18.5,NO1,A96,A01
2025-01-08 21:00:00,2025-01-08,21:00,18.5,NO1,A96,A01
2025-01-08 22:00:00,2025-01-08,22:00,13.0,NO1,A96,A01
2025-01-08 23:00:00,2025-01-08,23:00,10.72,NO1,A96,A01
2025-01-09 00:00:00,2025-01-09,00:00,11.93,NO1,A96,A01
2025-01-09 01:00:00,2025-01-09,01:00,8.0,NO1,A96,A01
2025-01-09 02:00:00,2025-01-09,02:00,5.5,NO1,A96,A01
2025-01-09 03:00:00,2025-01-09,03:00,8.0,NO1,A96,A01
2025-01-09 04:00:00,2025-01-09,04:00,8.0,NO1,A96,A01
2025-01-09 05:00:00,2025-01-09,05:00,20.0,NO1,A96,A01
2025-01-09 06:00:00,2025-01-09,06:00,40.0,NO1,A96,A01
2025-01-09 07:00:00,2025-01-09,07:00,93.0,NO1,A96,A01
2025-01-09 08:00:00,2025-01-09,08:00,99.0,NO1,A96,A01
2025-01-09 09:00:00,2025-01-09,09:00,75.51,NO1,A96,A01
2025-01-09 10:00:00,2025-01-09,10:00,73.66,NO1,A96,A01
2025-01-09 11:00:00,2025-01-09,11:00,70.14,NO1,A96,A01
2025-01-09 12:00:00,2025-01-09,12:00,54.0,NO1,A96,A01
2025-01-09 13:00:00,2025-01-09,13:00,69.59,NO1,A96,A01
2025-01-09 14:00:00,2025-01-09,14:00,69.82,NO1,A96,A01
2025-01-09 15:00:00,2025-01-09,15:00,70.76,NO1,A96,A01
2025-01-09 16:00:00,2025-01-09,16:00,92.0,NO1,A96,A01
2025-01-09 17:00:00,2025-01-09,17:00,93.5,NO1,A96,A01
2025-01-09 18:00:00,2025-01-09,18:00,105.5,NO1,A96,A01
2025-01-09 19:00:00,2025-01-09,19:00,49.5,NO1,A96,A01
2025-01-09 20:00:00,2025-01-09,20:00,69.26,NO1,A96,A01
2025-01-09 21:00:00,2025-01-09,21:00,52.0,NO1,A96,A01
2025-01-09 22:00:00,2025-01-09,22:00,59.5,NO1,A96,A01
2025-01-09 23:00:00,2025-01-09,23:00,34.5,NO1,A96,A01
2025-01-10 00:00:00,2025-01-10,00:00,20.19,NO1,A96,A01
2025-01-10 01:00:00,2025-01-10,01:00,14.0,NO1,A96,A01
2025-01-10 02:00:00,2025-01-10,02:00,13.0,NO1,A96,A01
2025-01-10 03:00:00,2025-01-10,03:00,14.0,NO1,A96,A01
2025-01-10 04:00:00,2025-01-10,04:00,14.0,NO1,A96,A01
2025-01-10 05:00:00,2025-01-10,05:00,38.78,NO1,A96,A01
2025-01-10 06:00:00,2025-01-10,06:00,69.0,NO1,A96,A01
2025-01-10 07:00:00,2025-01-10,07:00,87.5,NO1,A96,A01
2025-01-10 08:00:00,2025-01-10,08:00,96.5,NO1,A96,A01
2025-01-10 09:00:00,2025-01-10,09:00,76.5,NO1,A96,A01
2025-01-10 10:00:00,2025-01-10,10:00,73.0,NO1,A96,A01
2025-01-10 11:00:00,2025-01-10,11:00,50.5,NO1,A96,A01
2025-01-10 12:00:00,2025-01-10,12:00,47.5,NO1,A96,A01
2025-01-10 13:00:00,2025-01-10,13:00,49.0,NO1,A96,A01
2025-01-10 14:00:00,2025-01-10,14:00,50.5,NO1,A96,A01
2025-01-10 15:00:00,2025-01-10,15:00,56.0,NO1,A96,A01
2025-01-10 16:00:00,2025-01-10,16:00,53.0,NO1,A96,A01
2025-01-10 17:00:00,2025-01-10,17:00,56.5,NO1,A96,A01
2025-01-10 18:00:00,2025-01-10,18:00,52.0,NO1,A96,A01
2025-01-10 19:00:00,2025-01-10,19:00,51.0,NO1,A96,A01
2025-01-10 20:00:00,2025-01-10,20:00,38.0,NO1,A96,A01
2025-01-10 21:00:00,2025-01-10,21:00,32.0,NO1,A96,A01
2025-01-10 22:00:00,2025-01-10,22:00,13.5,NO1,A96,A01
2025-01-10 23:00:00,2025-01-10,23:00,3.0,NO1,A96,A01
2025-01-11 00:00:00,2025-01-11,00:00,9.2,NO1,A96,A01
2025-01-11 01:00:00,2025-01-11,01:00,6.8,NO1,A96,A01
2025-01-11 02:00:00,2025-01-11,02:00,6.8,NO1,A96,A01
2025-01-11 03:00:00,2025-01-11,03:00,6.8,NO1,A96,A01
2025-01-11 04:00:00,2025-01-11,04:00,6.8,NO1,A96,A01
2025-01-11 05:00:00,2025-01-11,05:00,2.0,NO1,A96,A01
2025-01-11 06:00:00,2025-01-11,06:00,12.7,NO1,A96,A01
2025-01-11 07:00:00,2025-01-11,07:00,6.8,NO1,A96,A01
2025-01-11 08:00:00,2025-01-11,08:00,7.0,NO1,A96,A01
2025-01-11 09:00:00,2025-01-11,09:00,9.2,NO1,A96,A01
2025-01-11 10:00:00,2025-01-11,10:00,9.2,NO1,A96,A01
2025-01-11 11:00:00,2025-01-11,11:00,9.2,NO1,A96,A01
2025-01-11 12:00:00,2025-01-11,12:00,9.2,NO1,A96,A01
2025-01-11 13:00:00,2025-01-11,13:00,9.2,NO1,A96,A01
2025-01-11 14:00:00,2025-01-11,14:00,9.0,NO1,A96,A01
2025-01-11 15:00:00,2025-01-11,15:00,9.2,NO1,A96,A01
2025-01-11 16:00:00,2025-01-11,16:00,7.0,NO1,A96,A01
2025-01-11 17:00:00,2025-01-11,17:00,10.0,NO1,A96,A01
2025-01-11 18:00:00,2025-01-11,18:00,17.5,NO1,A96,A01
2025-01-11 19:00:00,2025-01-11,19:00,9.2,NO1,A96,A01
2025-01-11 20:00:00,2025-01-11,20:00,12.7,NO1,A96,A01
2025-01-11 21:00:00,2025-01-11,21:00,4.0,NO1,A96,A01
2025-01-11 22:00:00,2025-01-11,22:00,9.2,NO1,A96,A01
2025-01-11 23:00:00,2025-01-11,23:00,9.2,NO1,A96,A01
2025-01-12 00:00:00,2025-01-12,00:00,10.0,NO1,A96,A01
2025-01-12 01:00:00,2025-01-12,01:00,8.0,NO1,A96,A01
2025-01-12 02:00:00,2025-01-12,02:00,8.0,NO1,A96,A01
2025-01-12 03:00:00,2025-01-12,03:00,8.0,NO1,A96,A01
2025-01-12 04:00:00,2025-01-12,04:00,10.0,NO1,A96,A01
2025-01-12 05:00:00,2025-01-12,05:00,11.93,NO1,A96,A01
2025-01-12 06:00:00,2025-01-12,06:00,11.93,NO1,A96,A01
2025-01-12 07:00:00,2025-01-12,07:00,11.93,NO1,A96,A01
2025-01-12 08:00:00,2025-01-12,08:00,11.93,NO1,A96,A01
2025-01-12 09:00:00,2025-01-12,09:00,12.0,NO1,A96,A01
2025-01-12 10:00:00,2025-01-12,10:00,13.0,NO1,A96,A01
2025-01-12 11:00:00,2025-01-12,11:00,16.0,NO1,A96,A01
2025-01-12 12:00:00,2025-01-12,12:00,12.0,NO1,A96,A01
2025-01-12 13:00:00,2025-01-12,13:00,11.93,NO1,A96,A01
2025-01-12 14:00:00,2025-01-12,14:00,11.93,NO1,A96,A01
2025-01-12 15:00:00,2025-01-12,15:00,13.0,NO1,A96,A01
2025-01-12 16:00:00,2025-01-12,16:00,19.0,NO1,A96,A01
2025-01-12 17:00:00,2025-01-12,17:00,24.0,NO1,A96,A01
2025-01-12 18:00:00,2025-01-12,18:00,25.0,NO1,A96,A01
2025-01-12 19:00:00,2025-01-12,19:00,26.0,NO1,A96,A01
2025-01-12 20:00:00,2025-01-12,20:00,25.0,NO1,A96,A01
2025-01-12 21:00:00,2025-01-12,21:00,19.0,NO1,A96,A01
2025-01-12 22:00:00,2025-01-12,22:00,7.0,NO1,A96,A01
2025-01-12 23:00:00,2025-01-12,23:00,11.93,NO1,A96,A01
2025-01-13 00:00:00,2025-01-13,00:00,11.93,NO1,A96,A01
2025-01-13 01:00:00,2025-01-13,01:00,7.5,NO1,A96,A01
2025-01-13 02:00:00,2025-01-13,02:00,8.5,NO1,A96,A01
2025-01-13 03:00:00,2025-01-13,03:00,7.5,NO1,A96,A01
2025-01-13 04:00:00,2025-01-13,04:00,7.0,NO1,A96,A01
2025-01-13 05:00:00,2025-01-13,05:00,12.0,NO1,A96,A01
2025-01-13 06:00:00,2025-01-13,06:00,15.0,NO1,A96,A01
2025-01-13 07:00:00,2025-01-13,07:00,20.47,NO1,A96,A01
2025-01-13 08:00:00,2025-01-13,08:00,20.47,NO1,A96,A01
2025-01-13 09:00:00,2025-01-13,09:00,15.0,NO1,A96,A01
2025-01-13 10:00:00,2025-01-13,10:00,15.0,NO1,A96,A01
2025-01-13 11:00:00,2025-01-13,11:00,11.93,NO1,A96,A01
2025-01-13 12:00:00,2025-01-13,12:00,13.5,NO1,A96,A01
2025-01-13 13:00:00,2025-01-13,13:00,13.0,NO1,A96,A01
2025-01-13 14:00:00,2025-01-13,14:00,15.0,NO1,A96,A01
2025-01-13 15:00:00,2025-01-13,15:00,15.0,NO1,A96,A01
2025-01-13 16:00:00,2025-01-13,16:00,15.0,NO1,A96,A01
2025-01-13 17:00:00,2025-01-13,17:00,15.0,NO1,A96,A01
2025-01-13 18:00:00,2025-01-13,18:00,15.0,NO1,A96,A01
2025-01-13 19:00:00,2025-01-13,19:00,15.0,NO1,A96,A01
2025-01-13 20:00:00,2025-01-13,20:00,15.0,NO1,A96,A01
2025-01-13 21:00:00,2025-01-13,21:00,15.0,NO1,A96,A01
2025-01-13 22:00:00,2025-01-13,22:00,15.0,NO1,A96,A01
2025-01-13 23:00:00,2025-01-13,23:00,11.93,NO1,A96,A01
2025-01-14 00:00:00,2025-01-14,00:00,11.56,NO1,A96,A01
2025-01-14 01:00:00,2025-01-14,01:00,9.0,NO1,A96,A01
2025-01-14 02:00:00,2025-01-14,02:00,10.0,NO1,A96,A01
2025-01-14 03:00:00,2025-01-14,03:00,10.0,NO1,A96,A01
2025-01-14 04:00:00,2025-01-14,04:00,10.0,NO1,A96,A01
2025-01-14 05:00:00,2025-01-14,05:00,12.5,NO1,A96,A01
2025-01-14 06:00:00,2025-01-14,06:00,12.5,NO1,A96,A01
2025-01-14 07:00:00,2025-01-14,07:00,15.0,NO1,A96,A01
2025-01-14 08:00:00,2025-01-14,08:00,15.0,NO1,A96,A01
2025-01-14 09:00:00,2025-01-14,09:00,13.41,NO1,A96,A01
2025-01-14 10:00:00,2025-01-14,10:00,13.41,NO1,A96,A01
2025-01-14 11:00:00,2025-01-14,11:00,13.41,NO1,A96,A01
2025-01-14 12:00:00,2025-01-14,12:00,13.41,NO1,A96,A01
2025-01-14 13:00:00,2025-01-14,13:00,13.41,NO1,A96,A01
2025-01-14 14:00:00,2025-01-14,14:00,13.41,NO1,A96,A01
2025-01-14 15:00:00,2025-01-14,15:00,13.41,NO1,A96,A01
2025-01-14 16:00:00,2025-01-14,16:00,13.0,NO1,A96,A01
2025-01-14 17:00:00,2025-01-14,17:00,13.5,NO1,A96,A01
2025-01-14 18:00:00,2025-01-14,18:00,11.93,NO1,A96,A01
2025-01-14 19:00:00,2025-01-14,19:00,11.93,NO1,A96,A01
2025-01-14 20:00:00,2025-01-14,20:00,11.93,NO1,A96,A01
2025-01-14 21:00:00,2025-01-14,21:00,11.93,NO1,A96,A01
2025-01-14 22:00:00,2025-01-14,22:00,9.5,NO1,A96,A01
2025-01-14 23:00:00,2025-01-14,23:00,9.0,NO1,A96,A01
2025-01-15 00:00:00,2025-01-15,00:00,9.0,NO1,A96,A01
2025-01-15 01:00:00,2025-01-15,01:00,7.0,NO1,A96,A01
2025-01-15 02:00:00,2025-01-15,02:00,7.5,NO1,A96,A01
2025-01-15 03:00:00,2025-01-15,03:00,7.5,NO1,A96,A01
2025-01-15 04:00:00,2025-01-15,04:00,8.0,NO1,A96,A01
2025-01-15 05:00:00,2025-01-15,05:00,13.5,NO1,A96,A01
2025-01-15 06:00:00,2025-01-15,06:00,13.0,NO1,A96,A01
2025-01-15 07:00:00,2025-01-15,07:00,20.0,NO1,A96,A01
2025-01-15 08:00:00,2025-01-15,08:00,13.0,NO1,A96,A01
2025-01-15 09:00:00,2025-01-15,09:00,11.93,NO1,A96,A01
2025-01-15 10:00:00,2025-01-15,10:00,11.93,NO1,A96,A01
2025-01-15 11:00:00,2025-01-15,11:00,11.93,NO1,A96,A01
2025-01-15 12:00:00,2025-01-15,12:00,11.93,NO1,A96,A01
2025-01-15 13:00:00,2025-01-15,13:00,11.93,NO1,A96,A01
2025-01-15 14:00:00,2025-01-15,14:00,11.93,NO1,A96,A01
2025-01-15 15:00:00,2025-01-15,15:00,11.93,NO1,A96,A01
2025-01-15 16:00:00,2025-01-15,16:00,11.93,NO1,A96,A01
2025-01-15 17:00:00,2025-01-15,17:00,11.93,NO1,A96,A01
2025-01-15 18:00:00,2025-01-15,18:00,11.93,NO1,A96,A01
2025-01-15 19:00:00,2025-01-15,19:00,11.93,NO1,A96,A01
2025-01-15 20:00:00,2025-01-15,20:00,11.93,NO1,A96,A01
2025-01-15 21:00:00,2025-01-15,21:00,13.5,NO1,A96,A01
2025-01-15 22:00:00,2025-01-15,22:00,12.5,NO1,A96,A01
2025-01-15 23:00:00,2025-01-15,23:00,11.93,NO1,A96,A01
2025-01-16 00:00:00,2025-01-16,00:00,14.88,NO1,A96,A01
2025-01-16 01:00:00,2025-01-16,01:00,11.93,NO1,A96,A01
2025-01-16 02:00:00,2025-01-16,02:00,11.93,NO1,A96,A01
2025-01-16 03:00:00,2025-01-16,03:00,11.93,NO1,A96,A01
2025-01-16 04:00:00,2025-01-16,04:00,8.5,NO1,A96,A01
2025-01-16 05:00:00,2025-01-16,05:00,14.88,NO1,A96,A01
2025-01-16 06:00:00,2025-01-16,06:00,18.0,NO1,A96,A01
2025-01-16 07:00:00,2025-01-16,07:00,92.0,NO1,A96,A01
2025-01-16 08:00:00,2025-01-16,08:00,174.27,NO1,A96,A01
2025-01-16 09:00:00,2025-01-16,09:00,174.27,NO1,A96,A01
2025-01-16 10:00:00,2025-01-16,10:00,32.0,NO1,A96,A01
2025-01-16 11:00:00,2025-01-16,11:00,19.0,NO1,A96,A01
2025-01-16 12:00:00,2025-01-16,12:00,19.0,NO1,A96,A01
2025-01-16 13:00:00,2025-01-16,13:00,19.0,NO1,A96,A01
2025-01-16 14:00:00,2025-01-16,14:00,17.2,NO1,A96,A01
2025-01-16 15:00:00,2025-01-16,15:00,21.0,NO1,A96,A01
2025-01-16 16:00:00,2025-01-16,16:00,13.0,NO1,A96,A01
2025-01-16 17:00:00,2025-01-16,17:00,10.5,NO1,A96,A01
2025-01-16 18:00:00,2025-01-16,18:00,11.0,NO1,A96,A01
2025-01-16 19:00:00,2025-01-16,19:00,38.14,NO1,A96,A01
2025-01-16 20:00:00,2025-01-16,20:00,12.0,NO1,A96,A01
2025-01-16 21:00:00,2025-01-16,21:00,37.93,NO1,A96,A01
2025-01-16 22:00:00,2025-01-16,22:00,15.0,NO1,A96,A01
2025-01-16 23:00:00,2025-01-16,23:00,14.0,NO1,A96,A01
2025-01-17 00:00:00,2025-01-17,00:00,10.0,NO1,A96,A01
2025-01-17 01:00:00,2025-01-17,01:00,7.0,NO1,A96,A01
2025-01-17 02:00:00,2025-01-17,02:00,7.0,NO1,A96,A01
2025-01-17 03:00:00,2025-01-17,03:00,7.0,NO1,A96,A01
2025-01-17 04:00:00,2025-01-17,04:00,4.69,NO1,A96,A01
2025-01-17 05:00:00,2025-01-17,05:00,11.4,NO1,A96,A01
2025-01-17 06:00:00,2025-01-17,06:00,11.0,NO1,A96,A01
2025-01-17 07:00:00,2025-01-17,07:00,19.28,NO1,A96,A01
2025-01-17 08:00:00,2025-01-17,08:00,28.81,NO1,A96,A01
2025-01-17 09:00:00,2025-01-17,09:00,18.5,NO1,A96,A01
2025-01-17 10:00:00,2025-01-17,10:00,15.0,NO1,A96,A01
2025-01-17 11:00:00,2025-01-17,11:00,13.5,NO1,A96,A01
2025-01-17 12:00:00,2025-01-17,12:00,15.0,NO1,A96,A01
2025-01-17 13:00:00,2025-01-17,13:00,13.0,NO1,A96,A01
2025-01-17 14:00:00,2025-01-17,14:00,12.0,NO1,A96,A01
2025-01-17 15:00:00,2025-01-17,15:00,15.0,NO1,A96,A01
2025-01-17 16:00:00,2025-01-17,16:00,13.5,NO1,A96,A01
2025-01-17 17:00:00,2025-01-17,17:00,17.5,NO1,A96,A01
2025-01-17 18:00:00,2025-01-17,18:00,13.5,NO1,A96,A01
2025-01-17 19:00:00,2025-01-17,19:00,13.0,NO1,A96,A01
2025-01-17 20:00:00,2025-01-17,20:00,11.93,NO1,A96,A01
2025-01-17 21:00:00,2025-01-17,21:00,11.93,NO1,A96,A01
2025-01-17 22:00:00,2025-01-17,22:00,11.93,NO1,A96,A01
2025-01-17 23:00:00,2025-01-17,23:00,11.93,NO1,A96,A01
2025-01-18 00:00:00,2025-01-18,00:00,10.0,NO1,A96,A01
2025-01-18 01:00:00,2025-01-18,01:00,7.0,NO1,A96,A01
2025-01-18 02:00:00,2025-01-18,02:00,8.5,NO1,A96,A01
2025-01-18 03:00:00,2025-01-18,03:00,8.5,NO1,A96,A01
2025-01-18 04:00:00,2025-01-18,04:00,9.0,NO1,A96,A01
2025-01-18 05:00:00,2025-01-18,05:00,11.0,NO1,A96,A01
2025-01-18 06:00:00,2025-01-18,06:00,12.5,NO1,A96,A01
2025-01-18 07:00:00,2025-01-18,07:00,13.0,NO1,A96,A01
2025-01-18 08:00:00,2025-01-18,08:00,16.0,NO1,A96,A01
2025-01-18 09:00:00,2025-01-18,09:00,14.0,NO1,A96,A01
2025-01-18 10:00:00,2025-01-18,10:00,13.0,NO1,A96,A01
2025-01-18 11:00:00,2025-01-18,11:00,12.0,NO1,A96,A01
2025-01-18 12:00:00,2025-01-18,12:00,11.93,NO1,A96,A01
2025-01-18 13:00:00,2025-01-18,13:00,12.5,NO1,A96,A01
2025-01-18 14:00:00,2025-01-18,14:00,12.5,NO1,A96,A01
2025-01-18 15:00:00,2025-01-18,15:00,13.0,NO1,A96,A01
2025-01-18 16:00:00,2025-01-18,16:00,11.93,NO1,A96,A01
2025-01-18 17:00:00,2025-01-18,17:00,13.0,NO1,A96,A01
2025-01-18 18:00:00,2025-01-18,18:00,13.0,NO1,A96,A01
2025-01-18 19:00:00,2025-01-18,19:00,13.0,NO1,A96,A01
2025-01-18 20:00:00,2025-01-18,20:00,12.0,NO1,A96,A01
2025-01-18 21:00:00,2025-01-18,21:00,11.4,NO1,A96,A01
2025-01-18 22:00:00,2025-01-18,22:00,10.0,NO1,A96,A01
2025-01-18 23:00:00,2025-01-18,23:00,10.0,NO1,A96,A01
