ts,procurement_price,quantity
2025-09-30 22:00:00+00:00,1.7,197.0
2025-09-30 23:00:00+00:00,1.95,205.0
2025-10-01 00:00:00+00:00,2.0,204.0
2025-10-01 01:00:00+00:00,2.0,206.0
2025-10-01 02:00:00+00:00,2.05,224.0
2025-10-01 03:00:00+00:00,2.1,278.0
2025-10-01 04:00:00+00:00,2.355,237.0
2025-10-01 05:00:00+00:00,7.15,235.0
2025-10-01 06:00:00+00:00,7.2,244.0
2025-10-01 07:00:00+00:00,8.49,341.0
2025-10-01 08:00:00+00:00,3.795,241.0
2025-10-01 09:00:00+00:00,4.045,190.0
2025-10-01 10:00:00+00:00,2.355,213.0
2025-10-01 11:00:00+00:00,2.355,235.0
2025-10-01 12:00:00+00:00,2.355,197.0
2025-10-01 13:00:00+00:00,3.49,199.0
2025-10-01 14:00:00+00:00,2.3,244.0
2025-10-01 15:00:00+00:00,7.0,266.0
2025-10-01 16:00:00+00:00,9.24,208.0
2025-10-01 17:00:00+00:00,2.95,212.0
2025-10-01 18:00:00+00:00,2.55,249.0
2025-10-01 19:00:00+00:00,2.55,310.0
2025-10-01 20:00:00+00:00,2.1,365.0
2025-10-01 21:00:00+00:00,2.05,336.0
2025-10-01 22:00:00+00:00,1.95,251.0
2025-10-01 23:00:00+00:00,1.95,254.0
2025-10-02 00:00:00+00:00,1.95,256.0
2025-10-02 01:00:00+00:00,1.7,248.0
2025-10-02 02:00:00+00:00,2.0,257.0
2025-10-02 03:00:00+00:00,2.0,257.0
2025-10-02 04:00:00+00:00,2.355,255.0
2025-10-02 05:00:00+00:00,3.0,256.0
2025-10-02 06:00:00+00:00,6.5,251.0
2025-10-02 07:00:00+00:00,2.355,250.0
2025-10-02 08:00:00+00:00,2.0,249.0
2025-10-02 09:00:00+00:00,2.0,250.0
2025-10-02 10:00:00+00:00,2.0,263.0
2025-10-02 11:00:00+00:00,2.0,264.0
2025-10-02 12:00:00+00:00,2.0,265.0
2025-10-02 13:00:00+00:00,2.0,266.0
2025-10-02 14:00:00+00:00,2.105,252.0
2025-10-02 15:00:00+00:00,1.75,233.0
2025-10-02 16:00:00+00:00,6.75,264.0
2025-10-02 17:00:00+00:00,2.105,237.0
2025-10-02 18:00:00+00:00,4.9,271.0
2025-10-02 19:00:00+00:00,2.2,334.0
2025-10-02 20:00:00+00:00,2.0,321.0
2025-10-02 21:00:00+00:00,2.0,321.0
2025-10-02 22:00:00+00:00,4.045,432.0
2025-10-02 23:00:00+00:00,4.045,384.0
2025-10-03 00:00:00+00:00,5.5,428.0
2025-10-03 01:00:00+00:00,7.0,428.0
2025-10-03 02:00:00+00:00,6.5,413.0
2025-10-03 03:00:00+00:00,5.5,387.0
2025-10-03 04:00:00+00:00,2.55,325.0
2025-10-03 05:00:00+00:00,1.75,137.0
2025-10-03 06:00:00+00:00,1.75,98.0
2025-10-03 07:00:00+00:00,1.75,110.0
2025-10-03 08:00:00+00:00,1.9,284.0
2025-10-03 09:00:00+00:00,2.05,411.0
2025-10-03 10:00:00+00:00,2.45,413.0
2025-10-03 11:00:00+00:00,1.85,295.0
2025-10-03 12:00:00+00:00,2.4,407.0
2025-10-03 13:00:00+00:00,1.75,266.0
2025-10-03 14:00:00+00:00,1.75,156.0
2025-10-03 15:00:00+00:00,1.75,85.0
2025-10-03 16:00:00+00:00,1.75,85.0
2025-10-03 17:00:00+00:00,1.74,173.0
2025-10-03 18:00:00+00:00,3.25,145.0
2025-10-03 19:00:00+00:00,1.75,155.0
2025-10-03 20:00:00+00:00,1.8,214.0
2025-10-03 21:00:00+00:00,2.0,222.0
2025-10-03 22:00:00+00:00,1.7,323.0
2025-10-03 23:00:00+00:00,1.7,323.0
2025-10-04 00:00:00+00:00,6.945,323.0
2025-10-04 01:00:00+00:00,9.95,323.0
2025-10-04 02:00:00+00:00,1.7,323.0
2025-10-04 03:00:00+00:00,1.7,323.0
2025-10-04 04:00:00+00:00,9.95,323.0
2025-10-04 05:00:00+00:00,12.549999999999999,323.0
2025-10-04 06:00:00+00:00,13.5,323.0
2025-10-04 07:00:00+00:00,10.995,364.0
2025-10-04 08:00:00+00:00,10.55,323.0
2025-10-04 09:00:00+00:00,10.55,323.0
2025-10-04 10:00:00+00:00,1.7,323.0
2025-10-04 11:00:00+00:00,14.0,323.0
2025-10-04 12:00:00+00:00,13.7,323.0
2025-10-04 13:00:00+00:00,6.995,323.0
2025-10-04 14:00:00+00:00,10.995,323.0
2025-10-04 15:00:00+00:00,11.995,323.0
2025-10-04 16:00:00+00:00,1.75,259.0
2025-10-04 17:00:00+00:00,1.75,323.0
2025-10-04 18:00:00+00:00,1.75,291.0
2025-10-04 19:00:00+00:00,1.75,307.0
2025-10-04 20:00:00+00:00,1.7,305.0
2025-10-04 21:00:00+00:00,1.7,302.0
2025-10-04 22:00:00+00:00,9.05,338.0
2025-10-04 23:00:00+00:00,12.2,337.0
2025-10-05 00:00:00+00:00,12.0,333.0
2025-10-05 01:00:00+00:00,11.64,332.0
2025-10-05 02:00:00+00:00,11.3,332.0
2025-10-05 03:00:00+00:00,11.9,334.0
2025-10-05 04:00:00+00:00,12.35,335.0
2025-10-05 05:00:00+00:00,13.2,336.0
2025-10-05 06:00:00+00:00,13.85,366.0
2025-10-05 07:00:00+00:00,10.600000000000001,378.0
2025-10-05 08:00:00+00:00,12.399999999999999,309.0
2025-10-05 09:00:00+00:00,10.64,280.0
2025-10-05 10:00:00+00:00,9.100000000000001,382.0
2025-10-05 11:00:00+00:00,11.0,234.0
2025-10-05 12:00:00+00:00,10.55,216.0
2025-10-05 13:00:00+00:00,11.75,216.0
2025-10-05 14:00:00+00:00,10.45,175.0
2025-10-05 15:00:00+00:00,4.7,175.0
2025-10-05 16:00:00+00:00,15.55,456.0
2025-10-05 17:00:00+00:00,19.854999999999997,341.0
2025-10-05 18:00:00+00:00,23.08,341.0
2025-10-05 19:00:00+00:00,26.5,341.0
2025-10-05 20:00:00+00:00,30.495,341.0
2025-10-05 21:00:00+00:00,33.24,341.0
2025-10-05 22:00:00+00:00,4.45,246.0
2025-10-05 23:00:00+00:00,5.8,262.0
2025-10-06 00:00:00+00:00,9.6,305.0
2025-10-06 01:00:00+00:00,8.95,307.0
2025-10-06 02:00:00+00:00,7.05,309.0
2025-10-06 03:00:00+00:00,4.045,351.0
2025-10-06 04:00:00+00:00,2.0,214.0
2025-10-06 05:00:00+00:00,2.105,175.0
2025-10-06 06:00:00+00:00,2.25,175.0
2025-10-06 07:00:00+00:00,2.25,133.0
2025-10-06 08:00:00+00:00,2.7,133.0
2025-10-06 09:00:00+00:00,1.9500000000000002,175.0
2025-10-06 10:00:00+00:00,2.4,175.0
2025-10-06 11:00:00+00:00,2.4,175.0
2025-10-06 12:00:00+00:00,2.4,175.0
2025-10-06 13:00:00+00:00,2.25,199.0
2025-10-06 14:00:00+00:00,2.0,85.0
2025-10-06 15:00:00+00:00,5.85,98.0
2025-10-06 16:00:00+00:00,5.0,85.0
2025-10-06 17:00:00+00:00,6.25,185.0
2025-10-06 18:00:00+00:00,5.9,125.0
2025-10-06 19:00:00+00:00,2.25,106.0
2025-10-06 20:00:00+00:00,2.95,232.0
2025-10-06 21:00:00+00:00,2.0,175.0
2025-10-06 22:00:00+00:00,2.0,267.0
2025-10-06 23:00:00+00:00,1.99,226.0
2025-10-07 00:00:00+00:00,2.0,227.0
2025-10-07 01:00:00+00:00,2.0,268.0
2025-10-07 02:00:00+00:00,2.0,267.0
2025-10-07 03:00:00+00:00,2.05,277.0
2025-10-07 04:00:00+00:00,2.675,300.0
2025-10-07 05:00:00+00:00,6.95,210.0
2025-10-07 06:00:00+00:00,7.75,241.0
2025-10-07 07:00:00+00:00,6.3,235.0
2025-10-07 08:00:00+00:00,1.95,209.0
2025-10-07 09:00:00+00:00,1.95,218.0
2025-10-07 10:00:00+00:00,2.0,214.0
2025-10-07 11:00:00+00:00,2.0,215.0
2025-10-07 12:00:00+00:00,2.0,214.0
2025-10-07 13:00:00+00:00,2.0,213.0
2025-10-07 14:00:00+00:00,1.95,193.0
2025-10-07 15:00:00+00:00,3.95,185.0
2025-10-07 16:00:00+00:00,7.45,266.0
2025-10-07 17:00:00+00:00,8.95,266.0
2025-10-07 18:00:00+00:00,5.95,266.0
2025-10-07 19:00:00+00:00,2.0,217.0
2025-10-07 20:00:00+00:00,1.9,213.0
2025-10-07 21:00:00+00:00,1.99,185.0
2025-10-07 22:00:00+00:00,1.95,150.0
2025-10-07 23:00:00+00:00,4.45,172.0
2025-10-08 00:00:00+00:00,4.15,171.0
2025-10-08 01:00:00+00:00,3.8,219.0
2025-10-08 02:00:00+00:00,4.0,181.0
2025-10-08 03:00:00+00:00,6.0,210.0
2025-10-08 04:00:00+00:00,2.0,196.0
2025-10-08 05:00:00+00:00,1.9,150.0
2025-10-08 06:00:00+00:00,9.9,234.0
2025-10-08 07:00:00+00:00,5.95,236.0
2025-10-08 08:00:00+00:00,2.625,236.0
2025-10-08 09:00:00+00:00,2.0,150.0
2025-10-08 10:00:00+00:00,1.85,150.0
2025-10-08 11:00:00+00:00,1.95,150.0
2025-10-08 12:00:00+00:00,1.99,150.0
2025-10-08 13:00:00+00:00,1.99,150.0
2025-10-08 14:00:00+00:00,2.0,180.0
2025-10-08 15:00:00+00:00,1.75,182.0
2025-10-08 16:00:00+00:00,7.24,182.0
2025-10-08 17:00:00+00:00,4.75,190.0
2025-10-08 18:00:00+00:00,3.4,234.0
2025-10-08 19:00:00+00:00,1.95,197.0
2025-10-08 20:00:00+00:00,1.95,196.0
2025-10-08 21:00:00+00:00,1.99,196.0
2025-10-08 22:00:00+00:00,1.835,273.0
2025-10-08 23:00:00+00:00,1.9849999999999999,237.0
2025-10-09 00:00:00+00:00,2.035,282.0
2025-10-09 01:00:00+00:00,2.085,329.0
2025-10-09 02:00:00+00:00,1.9849999999999999,287.0
2025-10-09 03:00:00+00:00,1.9849999999999999,293.0
2025-10-09 04:00:00+00:00,3.5,260.0
2025-10-09 05:00:00+00:00,6.75,260.0
2025-10-09 06:00:00+00:00,4.5,260.0
2025-10-09 07:00:00+00:00,2.425,210.0
2025-10-09 08:00:00+00:00,1.7,202.0
2025-10-09 09:00:00+00:00,1.7,212.0
2025-10-09 10:00:00+00:00,1.7,245.0
2025-10-09 11:00:00+00:00,1.7,277.0
2025-10-09 12:00:00+00:00,1.5,85.0
2025-10-09 13:00:00+00:00,1.7,213.0
2025-10-09 14:00:00+00:00,2.0,185.0
2025-10-09 15:00:00+00:00,1.8,225.0
2025-10-09 16:00:00+00:00,2.25,250.0
2025-10-09 17:00:00+00:00,2.425,160.0
2025-10-09 18:00:00+00:00,2.0,260.0
2025-10-09 19:00:00+00:00,1.75,281.0
2025-10-09 20:00:00+00:00,2.0,340.0
2025-10-09 21:00:00+00:00,6.6000000000000005,513.0
2025-10-09 22:00:00+00:00,12.495,516.0
2025-10-09 23:00:00+00:00,12.489999999999998,513.0
2025-10-10 00:00:00+00:00,13.145,510.0
2025-10-10 01:00:00+00:00,12.05,507.0
2025-10-10 02:00:00+00:00,11.935,504.0
2025-10-10 03:00:00+00:00,11.51,501.0
2025-10-10 04:00:00+00:00,2.0,238.0
2025-10-10 05:00:00+00:00,1.75,183.0
2025-10-10 06:00:00+00:00,1.75,135.0
2025-10-10 07:00:00+00:00,1.85,237.0
2025-10-10 08:00:00+00:00,1.75,184.0
2025-10-10 09:00:00+00:00,1.75,194.0
2025-10-10 10:00:00+00:00,2.0,248.0
2025-10-10 11:00:00+00:00,2.05,434.0
2025-10-10 12:00:00+00:00,7.65,459.0
2025-10-10 13:00:00+00:00,8.05,504.0
2025-10-10 14:00:00+00:00,2.05,368.0
2025-10-10 15:00:00+00:00,1.8,226.0
2025-10-10 16:00:00+00:00,1.75,133.0
2025-10-10 17:00:00+00:00,1.75,227.0
2025-10-10 18:00:00+00:00,5.25,462.0
2025-10-10 19:00:00+00:00,3.35,412.0
2025-10-10 20:00:00+00:00,5.25,412.0
2025-10-10 21:00:00+00:00,7.3,334.0
2025-10-10 22:00:00+00:00,11.8,415.0
2025-10-10 23:00:00+00:00,13.05,371.0
2025-10-11 00:00:00+00:00,14.55,397.0
2025-10-11 01:00:00+00:00,14.65,404.0
2025-10-11 02:00:00+00:00,14.45,388.0
2025-10-11 03:00:00+00:00,19.0,462.0
2025-10-11 04:00:00+00:00,15.95,445.0
2025-10-11 05:00:00+00:00,10.7,291.0
2025-10-11 06:00:00+00:00,9.65,295.0
2025-10-11 07:00:00+00:00,6.65,334.0
2025-10-11 08:00:00+00:00,6.6,436.0
2025-10-11 09:00:00+00:00,10.1,487.0
2025-10-11 10:00:00+00:00,14.5,577.0
2025-10-11 11:00:00+00:00,15.955,581.0
2025-10-11 12:00:00+00:00,14.55,524.0
2025-10-11 13:00:00+00:00,10.81,549.0
2025-10-11 14:00:00+00:00,7.3,514.0
2025-10-11 15:00:00+00:00,4.5,477.0
2025-10-11 16:00:00+00:00,2.1,516.0
2025-10-11 17:00:00+00:00,2.05,487.0
2025-10-11 18:00:00+00:00,10.2,473.0
2025-10-11 19:00:00+00:00,9.0,345.0
2025-10-11 20:00:00+00:00,10.899999999999999,344.0
2025-10-11 21:00:00+00:00,11.5,304.0
2025-10-11 22:00:00+00:00,4.35,470.0
2025-10-11 23:00:00+00:00,6.0,457.0
2025-10-12 00:00:00+00:00,7.25,472.0
2025-10-12 01:00:00+00:00,8.15,492.0
2025-10-12 02:00:00+00:00,9.75,495.0
2025-10-12 03:00:00+00:00,12.65,504.0
2025-10-12 04:00:00+00:00,11.149999999999999,487.0
2025-10-12 05:00:00+00:00,10.799999999999999,320.0
2025-10-12 06:00:00+00:00,2.45,301.0
2025-10-12 07:00:00+00:00,7.6,379.0
2025-10-12 08:00:00+00:00,4.25,471.0
2025-10-12 09:00:00+00:00,2.0,276.0
2025-10-12 10:00:00+00:00,1.8,304.0
2025-10-12 11:00:00+00:00,2.1,332.0
2025-10-12 12:00:00+00:00,2.9000000000000004,372.0
2025-10-12 13:00:00+00:00,2.0,315.0
2025-10-12 14:00:00+00:00,2.0,235.0
2025-10-12 15:00:00+00:00,1.8,318.0
2025-10-12 16:00:00+00:00,1.7,181.0
2025-10-12 17:00:00+00:00,1.7,195.0
2025-10-12 18:00:00+00:00,1.7,264.0
2025-10-12 19:00:00+00:00,4.05,344.0
2025-10-12 20:00:00+00:00,4.15,387.0
2025-10-12 21:00:00+00:00,11.35,503.0
2025-10-12 22:00:00+00:00,6.25,347.0
2025-10-12 23:00:00+00:00,9.149999999999999,373.0
2025-10-13 00:00:00+00:00,9.35,373.0
2025-10-13 01:00:00+00:00,6.3,373.0
2025-10-13 02:00:00+00:00,6.9,350.0
2025-10-13 03:00:00+00:00,4.4,226.0
2025-10-13 04:00:00+00:00,3.3,193.0
2025-10-13 05:00:00+00:00,6.0,165.0
2025-10-13 06:00:00+00:00,6.6,162.0
2025-10-13 07:00:00+00:00,5.5,165.0
2025-10-13 08:00:00+00:00,4.7,165.0
2025-10-13 09:00:00+00:00,3.5,165.0
2025-10-13 10:00:00+00:00,3.05,187.0
2025-10-13 11:00:00+00:00,3.04,179.0
2025-10-13 12:00:00+00:00,2.8,177.0
2025-10-13 13:00:00+00:00,2.45,175.0
2025-10-13 14:00:00+00:00,3.75,157.0
2025-10-13 15:00:00+00:00,5.75,193.0
2025-10-13 16:00:00+00:00,9.0,232.0
2025-10-13 17:00:00+00:00,6.5,223.0
2025-10-13 18:00:00+00:00,4.84,234.0
2025-10-13 19:00:00+00:00,2.7,165.0
2025-10-13 20:00:00+00:00,2.1,204.0
2025-10-13 21:00:00+00:00,2.1,227.0
2025-10-13 22:00:00+00:00,2.05,215.0
2025-10-13 23:00:00+00:00,1.9,228.0
2025-10-14 00:00:00+00:00,1.9,267.0
2025-10-14 01:00:00+00:00,1.9,272.0
2025-10-14 02:00:00+00:00,2.0,251.0
2025-10-14 03:00:00+00:00,2.0,242.0
2025-10-14 04:00:00+00:00,2.75,230.0
2025-10-14 05:00:00+00:00,14.5,277.0
2025-10-14 06:00:00+00:00,9.99,273.0
2025-10-14 07:00:00+00:00,6.6,214.0
2025-10-14 08:00:00+00:00,5.25,195.0
2025-10-14 09:00:00+00:00,3.5,165.0
2025-10-14 10:00:00+00:00,2.9,185.0
2025-10-14 11:00:00+00:00,3.65,245.0
2025-10-14 12:00:00+00:00,2.15,245.0
2025-10-14 13:00:00+00:00,2.15,177.0
2025-10-14 14:00:00+00:00,2.5,165.0
2025-10-14 15:00:00+00:00,6.1,235.0
2025-10-14 16:00:00+00:00,8.25,225.0
2025-10-14 17:00:00+00:00,9.7,195.0
2025-10-14 18:00:00+00:00,5.25,181.0
2025-10-14 19:00:00+00:00,4.49,165.0
2025-10-14 20:00:00+00:00,3.9,189.0
2025-10-14 21:00:00+00:00,6.4,262.0
2025-10-14 22:00:00+00:00,10.2,252.0
2025-10-14 23:00:00+00:00,9.5,257.0
2025-10-15 00:00:00+00:00,9.5,257.0
2025-10-15 01:00:00+00:00,9.95,245.0
2025-10-15 02:00:00+00:00,9.8,251.0
2025-10-15 03:00:00+00:00,9.95,239.0
2025-10-15 04:00:00+00:00,10.1,228.0
2025-10-15 05:00:00+00:00,11.95,187.0
2025-10-15 06:00:00+00:00,16.0,202.0
2025-10-15 07:00:00+00:00,13.5,202.0
2025-10-15 08:00:00+00:00,11.5,179.0
2025-10-15 09:00:00+00:00,4.5,199.0
2025-10-15 10:00:00+00:00,4.0,202.0
2025-10-15 11:00:00+00:00,4.0,202.0
2025-10-15 12:00:00+00:00,3.99,202.0
2025-10-15 13:00:00+00:00,4.0,202.0
2025-10-15 14:00:00+00:00,6.99,169.0
2025-10-15 15:00:00+00:00,17.5,198.0
2025-10-15 16:00:00+00:00,10.785,169.0
2025-10-15 17:00:00+00:00,9.98,169.0
2025-10-15 18:00:00+00:00,7.1,216.0
2025-10-15 19:00:00+00:00,10.2,287.0
2025-10-15 20:00:00+00:00,10.34,290.0
2025-10-15 21:00:00+00:00,14.995000000000001,217.0
2025-10-15 22:00:00+00:00,2.5,386.0
2025-10-15 23:00:00+00:00,7.3999999999999995,507.0
2025-10-16 00:00:00+00:00,7.85,506.0
2025-10-16 01:00:00+00:00,7.95,511.0
2025-10-16 02:00:00+00:00,8.450000000000001,473.0
2025-10-16 03:00:00+00:00,3.2,258.0
2025-10-16 04:00:00+00:00,3.55,226.0
2025-10-16 05:00:00+00:00,1.75,253.0
2025-10-16 06:00:00+00:00,4.24,215.0
2025-10-16 07:00:00+00:00,2.25,227.0
2025-10-16 08:00:00+00:00,2.45,229.0
2025-10-16 09:00:00+00:00,2.05,256.0
2025-10-16 10:00:00+00:00,2.15,276.0
2025-10-16 11:00:00+00:00,2.05,271.0
2025-10-16 12:00:00+00:00,2.05,267.0
2025-10-16 13:00:00+00:00,1.75,274.0
2025-10-16 14:00:00+00:00,1.75,234.0
2025-10-16 15:00:00+00:00,2.425,199.0
2025-10-16 16:00:00+00:00,5.745,196.0
2025-10-16 17:00:00+00:00,5.745,247.0
2025-10-16 18:00:00+00:00,4.24,279.0
2025-10-16 19:00:00+00:00,3.7,226.0
2025-10-16 20:00:00+00:00,3.7,228.0
2025-10-16 21:00:00+00:00,1.75,228.0
2025-10-16 22:00:00+00:00,2.15,414.0
2025-10-16 23:00:00+00:00,2.05,370.0
2025-10-17 00:00:00+00:00,2.05,279.0
2025-10-17 01:00:00+00:00,2.05,278.0
2025-10-17 02:00:00+00:00,2.05,234.0
2025-10-17 03:00:00+00:00,2.05,252.0
2025-10-17 04:00:00+00:00,2.0,245.0
2025-10-17 05:00:00+00:00,2.0,265.0
2025-10-17 06:00:00+00:00,2.0,283.0
2025-10-17 07:00:00+00:00,2.0,296.0
2025-10-17 08:00:00+00:00,2.05,320.0
2025-10-17 09:00:00+00:00,2.05,342.0
2025-10-17 10:00:00+00:00,2.05,383.0
2025-10-17 11:00:00+00:00,2.0,217.0
2025-10-17 12:00:00+00:00,2.05,261.0
2025-10-17 13:00:00+00:00,2.0,217.0
2025-10-17 14:00:00+00:00,2.0,219.0
2025-10-17 15:00:00+00:00,2.25,220.0
2025-10-17 16:00:00+00:00,1.75,284.0
2025-10-17 17:00:00+00:00,2.0,290.0
2025-10-17 18:00:00+00:00,2.0,290.0
2025-10-17 19:00:00+00:00,2.05,428.0
2025-10-17 20:00:00+00:00,2.15,520.0
2025-10-17 21:00:00+00:00,2.15,550.0
2025-10-17 22:00:00+00:00,2.05,310.0
2025-10-17 23:00:00+00:00,2.04,266.0
2025-10-18 00:00:00+00:00,2.05,365.0
2025-10-18 01:00:00+00:00,3.1,450.0
2025-10-18 02:00:00+00:00,2.75,381.0
2025-10-18 03:00:00+00:00,2.25,331.0
2025-10-18 04:00:00+00:00,2.1,270.0
2025-10-18 05:00:00+00:00,2.05,196.0
2025-10-18 06:00:00+00:00,2.0,185.0
2025-10-18 07:00:00+00:00,2.5,185.0
2025-10-18 08:00:00+00:00,2.05,191.0
2025-10-18 09:00:00+00:00,2.05,193.0
2025-10-18 10:00:00+00:00,2.05,256.0
2025-10-18 11:00:00+00:00,2.725,293.0
2025-10-18 12:00:00+00:00,2.1,299.0
2025-10-18 13:00:00+00:00,2.1,262.0
2025-10-18 14:00:00+00:00,2.1,205.0
2025-10-18 15:00:00+00:00,3.25,164.0
2025-10-18 16:00:00+00:00,6.3,231.0
2025-10-18 17:00:00+00:00,6.5,225.0
2025-10-18 18:00:00+00:00,2.05,262.0
2025-10-18 19:00:00+00:00,2.05,256.0
2025-10-18 20:00:00+00:00,2.05,267.0
2025-10-18 21:00:00+00:00,2.05,309.0
2025-10-18 22:00:00+00:00,1.75,576.0
2025-10-18 23:00:00+00:00,2.375,390.0
2025-10-19 00:00:00+00:00,3.8499999999999996,458.0
2025-10-19 01:00:00+00:00,9.69,505.0
2025-10-19 02:00:00+00:00,9.6,501.0
2025-10-19 03:00:00+00:00,9.899999999999999,519.0
2025-10-19 04:00:00+00:00,7.7,583.0
2025-10-19 05:00:00+00:00,2.0,370.0
2025-10-19 06:00:00+00:00,2.25,370.0
2025-10-19 07:00:00+00:00,2.0,366.0
2025-10-19 08:00:00+00:00,2.0,370.0
2025-10-19 09:00:00+00:00,2.675,470.0
2025-10-19 10:00:00+00:00,4.6,575.0
2025-10-19 11:00:00+00:00,5.65,586.0
2025-10-19 12:00:00+00:00,4.6,580.0
2025-10-19 13:00:00+00:00,2.4,506.0
2025-10-19 14:00:00+00:00,1.7,272.0
2025-10-19 15:00:00+00:00,2.2,187.0
2025-10-19 16:00:00+00:00,2.2,359.0
2025-10-19 17:00:00+00:00,2.2,331.0
2025-10-19 18:00:00+00:00,2.2,341.0
2025-10-19 19:00:00+00:00,2.2,328.0
2025-10-19 20:00:00+00:00,1.95,360.0
2025-10-19 21:00:00+00:00,2.0,470.0
2025-10-19 22:00:00+00:00,2.0,360.0
2025-10-19 23:00:00+00:00,4.0,360.0
2025-10-20 00:00:00+00:00,5.95,538.0
2025-10-20 01:00:00+00:00,4.75,522.0
2025-10-20 02:00:00+00:00,5.05,526.0
2025-10-20 03:00:00+00:00,2.0,382.0
2025-10-20 04:00:00+00:00,1.7,393.0
2025-10-20 05:00:00+00:00,1.7,313.0
2025-10-20 06:00:00+00:00,1.7,283.0
2025-10-20 07:00:00+00:00,1.7,283.0
2025-10-20 08:00:00+00:00,1.7,290.0
2025-10-20 09:00:00+00:00,2.375,259.0
2025-10-20 10:00:00+00:00,2.385,206.0
2025-10-20 11:00:00+00:00,1.46,367.0
2025-10-20 12:00:00+00:00,2.425,365.0
2025-10-20 13:00:00+00:00,2.175,85.0
2025-10-20 14:00:00+00:00,2.185,156.0
2025-10-20 15:00:00+00:00,2.185,197.0
2025-10-20 16:00:00+00:00,1.7,285.0
2025-10-20 17:00:00+00:00,2.375,255.0
2025-10-20 18:00:00+00:00,2.7,265.0
2025-10-20 19:00:00+00:00,1.75,330.0
2025-10-20 20:00:00+00:00,1.7,407.0
2025-10-20 21:00:00+00:00,2.1,370.0
2025-10-20 22:00:00+00:00,12.844999999999999,502.0
2025-10-20 23:00:00+00:00,20.7,484.0
2025-10-21 00:00:00+00:00,20.7,479.0
2025-10-21 01:00:00+00:00,20.7,479.0
2025-10-21 02:00:00+00:00,20.7,473.0
2025-10-21 03:00:00+00:00,17.7,514.0
2025-10-21 04:00:00+00:00,3.5,495.0
2025-10-21 05:00:00+00:00,2.425,411.0
2025-10-21 06:00:00+00:00,1.75,356.0
2025-10-21 07:00:00+00:00,2.425,380.0
2025-10-21 08:00:00+00:00,1.7,318.0
2025-10-21 09:00:00+00:00,1.7,344.0
2025-10-21 10:00:00+00:00,1.7,315.0
2025-10-21 11:00:00+00:00,1.55,483.0
2025-10-21 12:00:00+00:00,1.75,456.0
2025-10-21 13:00:00+00:00,1.75,460.0
2025-10-21 14:00:00+00:00,1.75,380.0
2025-10-21 15:00:00+00:00,1.75,351.0
2025-10-21 16:00:00+00:00,4.45,363.0
2025-10-21 17:00:00+00:00,1.75,348.0
2025-10-21 18:00:00+00:00,2.15,373.0
2025-10-21 19:00:00+00:00,1.9,390.0
2025-10-21 20:00:00+00:00,1.7,449.0
2025-10-21 21:00:00+00:00,2.25,512.0
2025-10-21 22:00:00+00:00,2.025,321.0
2025-10-21 23:00:00+00:00,3.25,363.0
2025-10-22 00:00:00+00:00,5.3,424.0
2025-10-22 01:00:00+00:00,6.0,427.0
2025-10-22 02:00:00+00:00,6.3,426.0
2025-10-22 03:00:00+00:00,4.7,374.0
2025-10-22 04:00:00+00:00,2.5,336.0
2025-10-22 05:00:00+00:00,1.75,367.0
2025-10-22 06:00:00+00:00,2.275,329.0
2025-10-22 07:00:00+00:00,2.275,331.0
2025-10-22 08:00:00+00:00,1.75,354.0
2025-10-22 09:00:00+00:00,1.75,381.0
2025-10-22 10:00:00+00:00,2.0,341.0
2025-10-22 11:00:00+00:00,2.25,338.0
2025-10-22 12:00:00+00:00,1.75,337.0
2025-10-22 13:00:00+00:00,2.0,330.0
2025-10-22 14:00:00+00:00,1.75,350.0
2025-10-22 15:00:00+00:00,1.75,310.0
2025-10-22 16:00:00+00:00,1.75,310.0
2025-10-22 17:00:00+00:00,1.75,321.0
2025-10-22 18:00:00+00:00,1.75,343.0
2025-10-22 19:00:00+00:00,2.275,348.0
2025-10-22 20:00:00+00:00,2.0,332.0
2025-10-22 21:00:00+00:00,2.0,332.0
2025-10-22 22:00:00+00:00,2.0,534.0
2025-10-22 23:00:00+00:00,2.0,547.0
2025-10-23 00:00:00+00:00,2.0,540.0
2025-10-23 01:00:00+00:00,2.0,549.0
2025-10-23 02:00:00+00:00,2.0,561.0
2025-10-23 03:00:00+00:00,2.0,531.0
2025-10-23 04:00:00+00:00,2.2,332.0
2025-10-23 05:00:00+00:00,2.455,217.0
2025-10-23 06:00:00+00:00,2.455,257.0
2025-10-23 07:00:00+00:00,2.455,275.0
2025-10-23 08:00:00+00:00,2.2,320.0
2025-10-23 09:00:00+00:00,2.425,350.0
2025-10-23 10:00:00+00:00,2.5,453.0
2025-10-23 11:00:00+00:00,2.5,491.0
2025-10-23 12:00:00+00:00,2.5,479.0
2025-10-23 13:00:00+00:00,3.005,85.0
2025-10-23 14:00:00+00:00,2.2,242.0
2025-10-23 15:00:00+00:00,2.2,259.0
2025-10-23 16:00:00+00:00,1.7,352.0
2025-10-23 17:00:00+00:00,2.2,352.0
2025-10-23 18:00:00+00:00,3.0,403.0
2025-10-23 19:00:00+00:00,2.25,403.0
2025-10-23 20:00:00+00:00,2.25,403.0
2025-10-23 21:00:00+00:00,9.35,564.0
2025-10-23 22:00:00+00:00,3.9,330.0
2025-10-23 23:00:00+00:00,4.05,303.0
2025-10-24 00:00:00+00:00,2.0,309.0
2025-10-24 01:00:00+00:00,6.35,421.0
2025-10-24 02:00:00+00:00,9.49,533.0
2025-10-24 03:00:00+00:00,7.15,548.0
2025-10-24 04:00:00+00:00,1.75,532.0
2025-10-24 05:00:00+00:00,2.425,477.0
2025-10-24 06:00:00+00:00,2.24,439.0
2025-10-24 07:00:00+00:00,1.75,475.0
2025-10-24 08:00:00+00:00,1.75,491.0
2025-10-24 09:00:00+00:00,1.75,509.0
2025-10-24 10:00:00+00:00,2.75,524.0
2025-10-24 11:00:00+00:00,4.4,555.0
2025-10-24 12:00:00+00:00,5.55,518.0
2025-10-24 13:00:00+00:00,6.7,568.0
2025-10-24 14:00:00+00:00,3.9,530.0
2025-10-24 15:00:00+00:00,1.9,435.0
2025-10-24 16:00:00+00:00,1.75,433.0
2025-10-24 17:00:00+00:00,1.75,381.0
2025-10-24 18:00:00+00:00,2.675,381.0
2025-10-24 19:00:00+00:00,5.25,484.0
2025-10-24 20:00:00+00:00,15.185,523.0
2025-10-24 21:00:00+00:00,3.2,331.0
2025-10-24 22:00:00+00:00,5.65,313.0
2025-10-24 23:00:00+00:00,4.8500000000000005,254.0
2025-10-25 00:00:00+00:00,8.615,225.0
2025-10-25 01:00:00+00:00,20.09,389.0
2025-10-25 02:00:00+00:00,13.41,273.0
2025-10-25 03:00:00+00:00,19.89,285.0
2025-10-25 04:00:00+00:00,20.685,388.0
2025-10-25 05:00:00+00:00,7.1000000000000005,313.0
2025-10-25 06:00:00+00:00,6.15,300.0
2025-10-25 07:00:00+00:00,8.2,352.0
2025-10-25 08:00:00+00:00,4.65,390.0
2025-10-25 09:00:00+00:00,20.09,383.0
2025-10-25 10:00:00+00:00,35.635,413.0
2025-10-25 11:00:00+00:00,21.175,413.0
2025-10-25 12:00:00+00:00,20.224999999999998,413.0
2025-10-25 13:00:00+00:00,18.09,413.0
2025-10-25 14:00:00+00:00,7.3,353.0
2025-10-25 15:00:00+00:00,1.8399999999999999,413.0
2025-10-25 16:00:00+00:00,1.9,463.0
2025-10-25 17:00:00+00:00,1.9,463.0
2025-10-25 18:00:00+00:00,1.9,462.0
2025-10-25 19:00:00+00:00,2.375,462.0
2025-10-25 20:00:00+00:00,6.75,450.0
2025-10-25 21:00:00+00:00,30.195,460.0
2025-10-25 22:00:00+00:00,6.75,433.0
2025-10-25 23:00:00+00:00,9.85,330.0
2025-10-26 00:00:00+00:00,13.75,330.0
2025-10-26 01:00:00+00:00,13.6,330.0
2025-10-26 02:00:00+00:00,13.35,330.0
2025-10-26 03:00:00+00:00,12.95,440.0
2025-10-26 04:00:00+00:00,22.09,435.0
2025-10-26 05:00:00+00:00,14.25,440.0
2025-10-26 06:00:00+00:00,10.35,439.0
2025-10-26 07:00:00+00:00,9.9,440.0
2025-10-26 08:00:00+00:00,9.9,440.0
2025-10-26 09:00:00+00:00,8.05,473.0
2025-10-26 10:00:00+00:00,8.85,446.0
2025-10-26 11:00:00+00:00,7.775,473.0
2025-10-26 12:00:00+00:00,18.7,505.0
2025-10-26 13:00:00+00:00,5.8500000000000005,473.0
2025-10-26 14:00:00+00:00,5.0,340.0
2025-10-26 15:00:00+00:00,3.0,338.0
2025-10-26 16:00:00+00:00,2.0,473.0
2025-10-26 17:00:00+00:00,20.0,555.0
2025-10-26 18:00:00+00:00,12.5,555.0
2025-10-26 19:00:00+00:00,9.5,551.0
2025-10-26 20:00:00+00:00,1.95,425.0
2025-10-26 21:00:00+00:00,2.2,465.0
2025-10-26 22:00:00+00:00,6.65,484.0
2025-10-26 23:00:00+00:00,5.25,431.0
2025-10-27 00:00:00+00:00,21.064999999999998,491.0
2025-10-27 01:00:00+00:00,21.035,452.0
2025-10-27 02:00:00+00:00,7.7,451.0
2025-10-27 03:00:00+00:00,20.625,446.0
2025-10-27 04:00:00+00:00,13.2,486.0
2025-10-27 05:00:00+00:00,2.375,495.0
2025-10-27 06:00:00+00:00,2.2,279.0
2025-10-27 07:00:00+00:00,2.7,224.0
2025-10-27 08:00:00+00:00,2.7,234.0
2025-10-27 09:00:00+00:00,2.7,248.0
2025-10-27 10:00:00+00:00,1.7,293.0
2025-10-27 11:00:00+00:00,1.7,321.0
2025-10-27 12:00:00+00:00,1.7,325.0
2025-10-27 13:00:00+00:00,1.7,262.0
2025-10-27 14:00:00+00:00,1.7,284.0
2025-10-27 15:00:00+00:00,3.7,225.0
2025-10-27 16:00:00+00:00,3.8,249.0
2025-10-27 17:00:00+00:00,1.8,252.0
2025-10-27 18:00:00+00:00,1.7,259.0
2025-10-27 19:00:00+00:00,1.7,272.0
2025-10-27 20:00:00+00:00,2.2,226.0
2025-10-27 21:00:00+00:00,2.0,401.0
2025-10-27 22:00:00+00:00,1.7,295.0
2025-10-27 23:00:00+00:00,12.495,462.0
2025-10-28 00:00:00+00:00,1.75,223.0
2025-10-28 01:00:00+00:00,2.3,252.0
2025-10-28 02:00:00+00:00,5.05,450.0
2025-10-28 03:00:00+00:00,6.015000000000001,462.0
2025-10-28 04:00:00+00:00,2.4,403.0
2025-10-28 05:00:00+00:00,11.655,452.0
2025-10-28 06:00:00+00:00,1.795,291.0
2025-10-28 07:00:00+00:00,1.795,245.0
2025-10-28 08:00:00+00:00,1.795,258.0
2025-10-28 09:00:00+00:00,1.795,316.0
2025-10-28 10:00:00+00:00,1.795,270.0
2025-10-28 11:00:00+00:00,1.7,268.0
2025-10-28 12:00:00+00:00,2.5949999999999998,462.0
2025-10-28 13:00:00+00:00,2.77,462.0
2025-10-28 14:00:00+00:00,1.995,295.0
2025-10-28 15:00:00+00:00,2.0,329.0
2025-10-28 16:00:00+00:00,2.0949999999999998,340.0
2025-10-28 17:00:00+00:00,3.0949999999999998,295.0
2025-10-28 18:00:00+00:00,2.0,311.0
2025-10-28 19:00:00+00:00,2.0,328.0
2025-10-28 20:00:00+00:00,1.835,171.0
2025-10-28 21:00:00+00:00,1.7,335.0
2025-10-28 22:00:00+00:00,6.635,472.0
2025-10-28 23:00:00+00:00,1.7,334.0
2025-10-29 00:00:00+00:00,1.6,345.0
2025-10-29 01:00:00+00:00,1.7,331.0
2025-10-29 02:00:00+00:00,1.45,342.0
2025-10-29 03:00:00+00:00,1.45,411.0
2025-10-29 04:00:00+00:00,2.0,502.0
2025-10-29 05:00:00+00:00,1.8,430.0
2025-10-29 06:00:00+00:00,2.35,460.0
2025-10-29 07:00:00+00:00,5.75,477.0
2025-10-29 08:00:00+00:00,4.7,375.0
2025-10-29 09:00:00+00:00,3.505,493.0
2025-10-29 10:00:00+00:00,2.4,467.0
2025-10-29 11:00:00+00:00,1.76,354.0
2025-10-29 12:00:00+00:00,1.81,462.0
2025-10-29 13:00:00+00:00,2.06,449.0
2025-10-29 14:00:00+00:00,2.46,324.0
2025-10-29 15:00:00+00:00,4.2,267.0
2025-10-29 16:00:00+00:00,5.05,301.0
2025-10-29 17:00:00+00:00,3.9,269.0
2025-10-29 18:00:00+00:00,7.805000000000001,280.0
2025-10-29 19:00:00+00:00,1.98,280.0
2025-10-29 20:00:00+00:00,1.75,321.0
2025-10-29 21:00:00+00:00,1.98,462.0
2025-10-29 22:00:00+00:00,2.0300000000000002,512.0
2025-10-29 23:00:00+00:00,4.404999999999999,657.0
2025-10-30 00:00:00+00:00,4.9,644.0
2025-10-30 01:00:00+00:00,4.5,659.0
2025-10-30 02:00:00+00:00,2.6,546.0
2025-10-30 03:00:00+00:00,5.0,656.0
2025-10-30 04:00:00+00:00,9.035,617.0
2025-10-30 05:00:00+00:00,4.35,596.0
2025-10-30 06:00:00+00:00,3.45,305.0
2025-10-30 07:00:00+00:00,4.5,305.0
2025-10-30 08:00:00+00:00,4.2,418.0
2025-10-30 09:00:00+00:00,2.175,265.0
2025-10-30 10:00:00+00:00,2.45,470.0
2025-10-30 11:00:00+00:00,3.205,472.0
2025-10-30 12:00:00+00:00,2.375,412.0
2025-10-30 13:00:00+00:00,1.9,388.0
2025-10-30 14:00:00+00:00,4.0,404.0
2025-10-30 15:00:00+00:00,5.27,326.0
2025-10-30 16:00:00+00:00,6.92,315.0
2025-10-30 17:00:00+00:00,7.07,355.0
2025-10-30 18:00:00+00:00,5.92,373.0
2025-10-30 19:00:00+00:00,3.37,365.0
2025-10-30 20:00:00+00:00,3.275,421.0
2025-10-30 21:00:00+00:00,3.255,591.0
2025-10-30 22:00:00+00:00,2.745,581.0
2025-10-30 23:00:00+00:00,4.7,558.0
2025-10-31 00:00:00+00:00,4.09,616.0
2025-10-31 01:00:00+00:00,4.275,686.0
2025-10-31 02:00:00+00:00,4.675,679.0
2025-10-31 03:00:00+00:00,4.5,654.0
2025-10-31 04:00:00+00:00,3.5,352.0
2025-10-31 05:00:00+00:00,2.425,445.0
2025-10-31 06:00:00+00:00,2.375,222.0
2025-10-31 07:00:00+00:00,2.375,223.0
2025-10-31 08:00:00+00:00,2.375,279.0
2025-10-31 09:00:00+00:00,2.375,289.0
2025-10-31 10:00:00+00:00,1.7,351.0
2025-10-31 11:00:00+00:00,1.7,344.0
2025-10-31 12:00:00+00:00,2.19,343.0
2025-10-31 13:00:00+00:00,2.375,271.0
2025-10-31 14:00:00+00:00,3.255,235.0
2025-10-31 15:00:00+00:00,2.175,234.0
2025-10-31 16:00:00+00:00,2.175,175.0
2025-10-31 17:00:00+00:00,3.205,245.0
2025-10-31 18:00:00+00:00,3.255,310.0
2025-10-31 19:00:00+00:00,2.425,295.0
2025-10-31 20:00:00+00:00,2.275,295.0
2025-10-31 21:00:00+00:00,2.425,317.0
2025-10-31 22:00:00+00:00,2.25,295.0
2025-10-31 23:00:00+00:00,10.995,652.0
2025-11-01 00:00:00+00:00,8.65,592.0
2025-11-01 01:00:00+00:00,6.3500000000000005,506.0
2025-11-01 02:00:00+00:00,6.95,502.0
2025-11-01 03:00:00+00:00,7.8500000000000005,527.0
2025-11-01 04:00:00+00:00,10.2,560.0
2025-11-01 05:00:00+00:00,10.65,580.0
2025-11-01 06:00:00+00:00,6.1,554.0
2025-11-01 07:00:00+00:00,1.7,257.0
2025-11-01 08:00:00+00:00,1.7,299.0
2025-11-01 09:00:00+00:00,7.35,543.0
2025-11-01 10:00:00+00:00,8.9,568.0
2025-11-01 11:00:00+00:00,9.4,505.0
2025-11-01 12:00:00+00:00,9.35,584.0
2025-11-01 13:00:00+00:00,7.3,573.0
2025-11-01 14:00:00+00:00,5.3,572.0
2025-11-01 15:00:00+00:00,1.75,383.0
2025-11-01 16:00:00+00:00,1.75,316.0
2025-11-01 17:00:00+00:00,3.35,457.0
2025-11-01 18:00:00+00:00,4.0,506.0
2025-11-01 19:00:00+00:00,4.6,503.0
2025-11-01 20:00:00+00:00,4.35,472.0
2025-11-01 21:00:00+00:00,5.2,488.0
2025-11-01 22:00:00+00:00,5.35,635.0
2025-11-01 23:00:00+00:00,1.5,648.0
2025-11-02 00:00:00+00:00,1.45,459.0
2025-11-02 01:00:00+00:00,2.2,576.0
2025-11-02 02:00:00+00:00,4.2,637.0
2025-11-02 03:00:00+00:00,4.7,614.0
2025-11-02 04:00:00+00:00,4.25,581.0
2025-11-02 05:00:00+00:00,3.205,544.0
2025-11-02 06:00:00+00:00,1.5,366.0
2025-11-02 07:00:00+00:00,1.5,295.0
2025-11-02 08:00:00+00:00,1.5,277.0
2025-11-02 09:00:00+00:00,1.2,251.0
2025-11-02 10:00:00+00:00,1.2,292.0
2025-11-02 11:00:00+00:00,1.2999999999999998,302.0
2025-11-02 12:00:00+00:00,1.75,405.0
2025-11-02 13:00:00+00:00,1.7,320.0
2025-11-02 14:00:00+00:00,1.7,351.0
2025-11-02 15:00:00+00:00,2.45,316.0
2025-11-02 16:00:00+00:00,3.99,245.0
2025-11-02 17:00:00+00:00,5.19,287.0
2025-11-02 18:00:00+00:00,5.19,286.0
2025-11-02 19:00:00+00:00,5.2,326.0
2025-11-02 20:00:00+00:00,4.19,321.0
2025-11-02 21:00:00+00:00,1.7,281.0
2025-11-02 22:00:00+00:00,1.45,325.0
2025-11-02 23:00:00+00:00,1.75,512.0
2025-11-03 00:00:00+00:00,2.25,533.0
2025-11-03 01:00:00+00:00,1.5,541.0
2025-11-03 02:00:00+00:00,1.65,533.0
2025-11-03 03:00:00+00:00,1.5,573.0
2025-11-03 04:00:00+00:00,2.25,477.0
2025-11-03 05:00:00+00:00,1.5,301.0
2025-11-03 06:00:00+00:00,1.85,265.0
2025-11-03 07:00:00+00:00,2.275,205.0
2025-11-03 08:00:00+00:00,2.275,205.0
2025-11-03 09:00:00+00:00,2.275,205.0
2025-11-03 10:00:00+00:00,1.6,205.0
2025-11-03 11:00:00+00:00,1.7,255.0
2025-11-03 12:00:00+00:00,1.6,245.0
2025-11-03 13:00:00+00:00,1.75,205.0
2025-11-03 14:00:00+00:00,1.6,222.0
2025-11-03 15:00:00+00:00,2.25,205.0
2025-11-03 16:00:00+00:00,4.1,245.0
2025-11-03 17:00:00+00:00,4.1,245.0
2025-11-03 18:00:00+00:00,2.6,245.0
2025-11-03 19:00:00+00:00,2.25,245.0
2025-11-03 20:00:00+00:00,2.2,262.0
2025-11-03 21:00:00+00:00,1.95,299.0
2025-11-03 22:00:00+00:00,1.7,310.0
2025-11-03 23:00:00+00:00,3.5,622.0
2025-11-04 00:00:00+00:00,5.15,579.0
2025-11-04 01:00:00+00:00,6.15,583.0
2025-11-04 02:00:00+00:00,7.65,612.0
2025-11-04 03:00:00+00:00,8.35,601.0
2025-11-04 04:00:00+00:00,9.399999999999999,630.0
2025-11-04 05:00:00+00:00,6.5,538.0
2025-11-04 06:00:00+00:00,1.7,328.0
2025-11-04 07:00:00+00:00,1.7,290.0
2025-11-04 08:00:00+00:00,2.2,209.0
2025-11-04 09:00:00+00:00,1.7,224.0
2025-11-04 10:00:00+00:00,1.7,269.0
2025-11-04 11:00:00+00:00,1.75,411.0
2025-11-04 12:00:00+00:00,1.75,389.0
2025-11-04 13:00:00+00:00,1.7,368.0
2025-11-04 14:00:00+00:00,1.7,359.0
2025-11-04 15:00:00+00:00,1.7,315.0
2025-11-04 16:00:00+00:00,1.7,281.0
2025-11-04 17:00:00+00:00,1.7,275.0
2025-11-04 18:00:00+00:00,1.7,336.0
2025-11-04 19:00:00+00:00,1.7,369.0
2025-11-04 20:00:00+00:00,1.7,388.0
2025-11-04 21:00:00+00:00,1.75,388.0
2025-11-04 22:00:00+00:00,1.7,322.0
2025-11-04 23:00:00+00:00,1.75,447.0
2025-11-05 00:00:00+00:00,8.695,600.0
2025-11-05 01:00:00+00:00,7.46,595.0
2025-11-05 02:00:00+00:00,7.115,595.0
2025-11-05 03:00:00+00:00,7.035,588.0
2025-11-05 04:00:00+00:00,9.21,601.0
2025-11-05 05:00:00+00:00,1.75,498.0
2025-11-05 06:00:00+00:00,2.0,502.0
2025-11-05 07:00:00+00:00,2.25,541.0
2025-11-05 08:00:00+00:00,3.75,541.0
2025-11-05 09:00:00+00:00,3.5,531.0
2025-11-05 10:00:00+00:00,2.75,521.0
2025-11-05 11:00:00+00:00,3.0,516.0
2025-11-05 12:00:00+00:00,3.0,502.0
2025-11-05 13:00:00+00:00,3.0,498.0
2025-11-05 14:00:00+00:00,2.75,452.0
2025-11-05 15:00:00+00:00,2.75,440.0
2025-11-05 16:00:00+00:00,3.255,406.0
2025-11-05 17:00:00+00:00,3.99,469.0
2025-11-05 18:00:00+00:00,3.655,450.0
2025-11-05 19:00:00+00:00,3.905,439.0
2025-11-05 20:00:00+00:00,12.175,459.0
2025-11-05 21:00:00+00:00,12.35,476.0
2025-11-05 22:00:00+00:00,12.799999999999999,486.0
2025-11-05 23:00:00+00:00,5.1000000000000005,472.0
2025-11-06 00:00:00+00:00,5.199999999999999,442.0
2025-11-06 01:00:00+00:00,5.25,506.0
2025-11-06 02:00:00+00:00,5.25,442.0
2025-11-06 03:00:00+00:00,4.55,399.0
2025-11-06 04:00:00+00:00,2.25,347.0
2025-11-06 05:00:00+00:00,1.75,427.0
2025-11-06 06:00:00+00:00,1.95,370.0
2025-11-06 07:00:00+00:00,2.425,333.0
2025-11-06 08:00:00+00:00,1.95,394.0
2025-11-06 09:00:00+00:00,2.0,345.0
2025-11-06 10:00:00+00:00,2.0,345.0
2025-11-06 11:00:00+00:00,1.95,345.0
2025-11-06 12:00:00+00:00,2.0,355.0
2025-11-06 13:00:00+00:00,2.0,345.0
2025-11-06 14:00:00+00:00,1.95,336.0
2025-11-06 15:00:00+00:00,2.425,275.0
2025-11-06 16:00:00+00:00,7.0,294.0
2025-11-06 17:00:00+00:00,6.0,272.0
2025-11-06 18:00:00+00:00,5.95,301.0
2025-11-06 19:00:00+00:00,3.95,295.0
2025-11-06 20:00:00+00:00,3.255,406.0
2025-11-06 21:00:00+00:00,2.0,456.0
2025-11-06 22:00:00+00:00,2.0,399.0
2025-11-06 23:00:00+00:00,4.4,434.0
2025-11-07 00:00:00+00:00,4.05,324.0
2025-11-07 01:00:00+00:00,4.6499999999999995,389.0
2025-11-07 02:00:00+00:00,5.6,328.0
2025-11-07 03:00:00+00:00,1.6,308.0
2025-11-07 04:00:00+00:00,2.0,387.0
2025-11-07 05:00:00+00:00,2.0,375.0
2025-11-07 06:00:00+00:00,2.0,375.0
2025-11-07 07:00:00+00:00,2.0,375.0
2025-11-07 08:00:00+00:00,2.25,345.0
2025-11-07 09:00:00+00:00,2.25,345.0
2025-11-07 10:00:00+00:00,2.0,345.0
2025-11-07 11:00:00+00:00,2.25,345.0
2025-11-07 12:00:00+00:00,3.0,345.0
2025-11-07 13:00:00+00:00,2.25,345.0
2025-11-07 14:00:00+00:00,2.0,345.0
2025-11-07 15:00:00+00:00,2.25,345.0
2025-11-07 16:00:00+00:00,2.675,405.0
2025-11-07 17:00:00+00:00,2.675,405.0
2025-11-07 18:00:00+00:00,2.675,405.0
2025-11-07 19:00:00+00:00,2.675,405.0
2025-11-07 20:00:00+00:00,1.7,405.0
2025-11-07 21:00:00+00:00,2.0,405.0
2025-11-07 22:00:00+00:00,2.0,405.0
2025-11-07 23:00:00+00:00,4.0,385.0
2025-11-08 00:00:00+00:00,4.6,385.0
2025-11-08 01:00:00+00:00,5.0,385.0
2025-11-08 02:00:00+00:00,4.9,385.0
2025-11-08 03:00:00+00:00,4.5,385.0
2025-11-08 04:00:00+00:00,4.5,385.0
2025-11-08 05:00:00+00:00,4.15,401.0
2025-11-08 06:00:00+00:00,4.1,445.0
2025-11-08 07:00:00+00:00,1.5,405.0
2025-11-08 08:00:00+00:00,2.0,355.0
2025-11-08 09:00:00+00:00,2.0,355.0
2025-11-08 10:00:00+00:00,2.0,355.0
2025-11-08 11:00:00+00:00,2.0,355.0
2025-11-08 12:00:00+00:00,2.0,355.0
2025-11-08 13:00:00+00:00,2.0,355.0
2025-11-08 14:00:00+00:00,2.0,365.0
2025-11-08 15:00:00+00:00,2.0,355.0
2025-11-08 16:00:00+00:00,2.0,355.0
2025-11-08 17:00:00+00:00,2.25,365.0
2025-11-08 18:00:00+00:00,2.0,355.0
2025-11-08 19:00:00+00:00,1.7,345.0
2025-11-08 20:00:00+00:00,2.0,365.0
2025-11-08 21:00:00+00:00,4.55,385.0
2025-11-08 22:00:00+00:00,4.55,385.0
2025-11-08 23:00:00+00:00,1.5,334.0
2025-11-09 00:00:00+00:00,2.25,379.0
2025-11-09 01:00:00+00:00,1.5,379.0
2025-11-09 02:00:00+00:00,1.5,310.0
2025-11-09 03:00:00+00:00,1.5,310.0
2025-11-09 04:00:00+00:00,1.5,260.0
2025-11-09 05:00:00+00:00,1.5,260.0
2025-11-09 06:00:00+00:00,1.8,343.0
2025-11-09 07:00:00+00:00,1.75,295.0
2025-11-09 08:00:00+00:00,1.5,345.0
2025-11-09 09:00:00+00:00,1.45,307.0
2025-11-09 10:00:00+00:00,1.75,345.0
2025-11-09 11:00:00+00:00,1.74,345.0
2025-11-09 12:00:00+00:00,1.74,345.0
2025-11-09 13:00:00+00:00,1.75,415.0
2025-11-09 14:00:00+00:00,1.75,405.0
2025-11-09 15:00:00+00:00,2.0,405.0
2025-11-09 16:00:00+00:00,3.25,405.0
2025-11-09 17:00:00+00:00,3.25,405.0
2025-11-09 18:00:00+00:00,3.25,405.0
2025-11-09 19:00:00+00:00,2.0,405.0
2025-11-09 20:00:00+00:00,1.75,405.0
2025-11-09 21:00:00+00:00,1.75,405.0
2025-11-09 22:00:00+00:00,1.75,425.0
2025-11-09 23:00:00+00:00,1.45,365.0
2025-11-10 00:00:00+00:00,1.45,363.0
2025-11-10 01:00:00+00:00,1.4,358.0
2025-11-10 02:00:00+00:00,1.45,410.0
2025-11-10 03:00:00+00:00,1.45,364.0
2025-11-10 04:00:00+00:00,1.75,366.0
2025-11-10 05:00:00+00:00,1.95,343.0
2025-11-10 06:00:00+00:00,1.95,247.0
2025-11-10 07:00:00+00:00,1.95,216.0
2025-11-10 08:00:00+00:00,2.425,205.0
2025-11-10 09:00:00+00:00,2.2,238.0
2025-11-10 10:00:00+00:00,2.3,268.0
2025-11-10 11:00:00+00:00,2.2,286.0
2025-11-10 12:00:00+00:00,2.2,282.0
2025-11-10 13:00:00+00:00,2.3499999999999996,288.0
2025-11-10 14:00:00+00:00,3.7,267.0
2025-11-10 15:00:00+00:00,10.2,241.0
2025-11-10 16:00:00+00:00,12.129999999999999,215.0
2025-11-10 17:00:00+00:00,11.685,215.0
2025-11-10 18:00:00+00:00,10.15,189.0
2025-11-10 19:00:00+00:00,9.365,215.0
2025-11-10 20:00:00+00:00,7.17,226.0
2025-11-10 21:00:00+00:00,4.45,268.0
2025-11-10 22:00:00+00:00,1.75,295.0
2025-11-10 23:00:00+00:00,1.7,317.0
2025-11-11 00:00:00+00:00,1.75,427.0
2025-11-11 01:00:00+00:00,2.25,438.0
2025-11-11 02:00:00+00:00,2.25,460.0
2025-11-11 03:00:00+00:00,2.25,356.0
2025-11-11 04:00:00+00:00,2.0,389.0
2025-11-11 05:00:00+00:00,1.7,309.0
2025-11-11 06:00:00+00:00,1.75,205.0
2025-11-11 07:00:00+00:00,2.0,205.0
2025-11-11 08:00:00+00:00,2.175,182.0
2025-11-11 09:00:00+00:00,2.25,205.0
2025-11-11 10:00:00+00:00,2.175,205.0
2025-11-11 11:00:00+00:00,2.7,215.0
2025-11-11 12:00:00+00:00,2.45,218.0
2025-11-11 13:00:00+00:00,2.425,342.0
2025-11-11 14:00:00+00:00,2.425,333.0
2025-11-11 15:00:00+00:00,7.4350000000000005,353.0
2025-11-11 16:00:00+00:00,8.18,362.0
2025-11-11 17:00:00+00:00,8.24,311.0
2025-11-11 18:00:00+00:00,6.25,297.0
2025-11-11 19:00:00+00:00,4.45,349.0
2025-11-11 20:00:00+00:00,3.255,371.0
2025-11-11 21:00:00+00:00,2.425,376.0
2025-11-11 22:00:00+00:00,1.7,296.0
2025-11-11 23:00:00+00:00,2.7,501.0
2025-11-12 00:00:00+00:00,2.675,439.0
2025-11-12 01:00:00+00:00,2.675,383.0
2025-11-12 02:00:00+00:00,5.5,432.0
2025-11-12 03:00:00+00:00,6.7,504.0
2025-11-12 04:00:00+00:00,7.495,510.0
2025-11-12 05:00:00+00:00,7.495,549.0
2025-11-12 06:00:00+00:00,1.75,557.0
2025-11-12 07:00:00+00:00,1.75,485.0
2025-11-12 08:00:00+00:00,1.7,497.0
2025-11-12 09:00:00+00:00,2.0,508.0
2025-11-12 10:00:00+00:00,2.0,508.0
2025-11-12 11:00:00+00:00,2.2,498.0
2025-11-12 12:00:00+00:00,2.7,497.0
2025-11-12 13:00:00+00:00,3.0,506.0
2025-11-12 14:00:00+00:00,2.375,540.0
2025-11-12 15:00:00+00:00,1.75,537.0
2025-11-12 16:00:00+00:00,2.0,573.0
2025-11-12 17:00:00+00:00,1.85,477.0
2025-11-12 18:00:00+00:00,2.0,613.0
2025-11-12 19:00:00+00:00,2.0,613.0
2025-11-12 20:00:00+00:00,2.25,608.0
2025-11-12 21:00:00+00:00,2.675,607.0
2025-11-12 22:00:00+00:00,9.17,569.0
2025-11-12 23:00:00+00:00,1.5,566.0
2025-11-13 00:00:00+00:00,1.7,373.0
2025-11-13 01:00:00+00:00,1.7,309.0
2025-11-13 02:00:00+00:00,1.55,318.0
2025-11-13 03:00:00+00:00,2.05,325.0
2025-11-13 04:00:00+00:00,1.7,391.0
2025-11-13 05:00:00+00:00,1.7,372.0
2025-11-13 06:00:00+00:00,1.7,314.0
2025-11-13 07:00:00+00:00,1.7,276.0
2025-11-13 08:00:00+00:00,1.7,325.0
2025-11-13 09:00:00+00:00,1.7,356.0
2025-11-13 10:00:00+00:00,1.75,383.0
2025-11-13 11:00:00+00:00,2.0,294.0
2025-11-13 12:00:00+00:00,1.75,355.0
2025-11-13 13:00:00+00:00,1.7,319.0
2025-11-13 14:00:00+00:00,1.7,309.0
2025-11-13 15:00:00+00:00,1.7,269.0
2025-11-13 16:00:00+00:00,4.75,282.0
2025-11-13 17:00:00+00:00,4.25,280.0
2025-11-13 18:00:00+00:00,3.2,237.0
2025-11-13 19:00:00+00:00,2.75,242.0
2025-11-13 20:00:00+00:00,1.95,328.0
2025-11-13 21:00:00+00:00,2.05,431.0
2025-11-13 22:00:00+00:00,3.95,431.0
2025-11-13 23:00:00+00:00,2.0,293.0
2025-11-14 00:00:00+00:00,1.75,280.0
2025-11-14 01:00:00+00:00,1.75,270.0
2025-11-14 02:00:00+00:00,1.75,270.0
2025-11-14 03:00:00+00:00,1.75,281.0
2025-11-14 04:00:00+00:00,1.75,234.0
2025-11-14 05:00:00+00:00,2.0,223.0
2025-11-14 06:00:00+00:00,2.425,189.0
2025-11-14 07:00:00+00:00,3.505,198.0
2025-11-14 08:00:00+00:00,3.505,205.0
2025-11-14 09:00:00+00:00,2.675,176.0
2025-11-14 10:00:00+00:00,2.675,183.0
2025-11-14 11:00:00+00:00,2.675,204.0
2025-11-14 12:00:00+00:00,2.675,199.0
2025-11-14 13:00:00+00:00,2.675,216.0
2025-11-14 14:00:00+00:00,2.675,231.0
2025-11-14 15:00:00+00:00,7.0,225.0
2025-11-14 16:00:00+00:00,8.845,269.0
2025-11-14 17:00:00+00:00,9.375,281.0
2025-11-14 18:00:00+00:00,8.78,178.0
2025-11-14 19:00:00+00:00,3.255,261.0
2025-11-14 20:00:00+00:00,3.505,324.0
2025-11-14 21:00:00+00:00,3.255,306.0
2025-11-14 22:00:00+00:00,4.1,337.0
2025-11-14 23:00:00+00:00,2.5,283.0
2025-11-15 00:00:00+00:00,2.25,305.0
2025-11-15 01:00:00+00:00,2.0,290.0
2025-11-15 02:00:00+00:00,2.75,277.0
2025-11-15 03:00:00+00:00,3.25,273.0
2025-11-15 04:00:00+00:00,3.0,272.0
2025-11-15 05:00:00+00:00,2.75,260.0
2025-11-15 06:00:00+00:00,2.75,303.0
2025-11-15 07:00:00+00:00,2.25,350.0
2025-11-15 08:00:00+00:00,3.75,359.0
2025-11-15 09:00:00+00:00,4.25,355.0
2025-11-15 10:00:00+00:00,4.25,356.0
2025-11-15 11:00:00+00:00,4.0,362.0
2025-11-15 12:00:00+00:00,3.85,356.0
2025-11-15 13:00:00+00:00,4.0,355.0
2025-11-15 14:00:00+00:00,5.5,347.0
2025-11-15 15:00:00+00:00,2.0,330.0
2025-11-15 16:00:00+00:00,3.0,301.0
2025-11-15 17:00:00+00:00,6.5,348.0
2025-11-15 18:00:00+00:00,5.25,334.0
2025-11-15 19:00:00+00:00,4.0,348.0
2025-11-15 20:00:00+00:00,3.5,362.0
2025-11-15 21:00:00+00:00,3.0,373.0
2025-11-15 22:00:00+00:00,3.2750000000000004,386.0
2025-11-15 23:00:00+00:00,2.5,340.0
2025-11-16 00:00:00+00:00,2.475,463.0
2025-11-16 01:00:00+00:00,2.25,341.0
2025-11-16 02:00:00+00:00,2.5,438.0
2025-11-16 03:00:00+00:00,2.425,340.0
2025-11-16 04:00:00+00:00,2.3,417.0
2025-11-16 05:00:00+00:00,2.675,336.0
2025-11-16 06:00:00+00:00,2.375,249.0
2025-11-16 07:00:00+00:00,2.95,248.0
2025-11-16 08:00:00+00:00,3.255,250.0
2025-11-16 09:00:00+00:00,4.2,260.0
2025-11-16 10:00:00+00:00,4.2,260.0
2025-11-16 11:00:00+00:00,4.2,280.0
2025-11-16 12:00:00+00:00,4.45,290.0
2025-11-16 13:00:00+00:00,5.2,286.0
2025-11-16 14:00:00+00:00,6.0,290.0
2025-11-16 15:00:00+00:00,5.35,260.0
2025-11-16 16:00:00+00:00,6.85,250.0
2025-11-16 17:00:00+00:00,6.9,250.0
2025-11-16 18:00:00+00:00,8.2,261.0
2025-11-16 19:00:00+00:00,5.7,250.0
2025-11-16 20:00:00+00:00,4.25,240.0
2025-11-16 21:00:00+00:00,3.3,240.0
2025-11-16 22:00:00+00:00,4.5,280.0
2025-11-16 23:00:00+00:00,2.0,403.0
2025-11-17 00:00:00+00:00,2.0,374.0
2025-11-17 01:00:00+00:00,2.0,357.0
2025-11-17 02:00:00+00:00,2.0,352.0
2025-11-17 03:00:00+00:00,2.0,352.0
2025-11-17 04:00:00+00:00,2.0,355.0
2025-11-17 05:00:00+00:00,2.675,372.0
2025-11-17 06:00:00+00:00,7.16,317.0
2025-11-17 07:00:00+00:00,8.67,305.0
2025-11-17 08:00:00+00:00,7.82,308.0
2025-11-17 09:00:00+00:00,7.5,315.0
2025-11-17 10:00:00+00:00,7.7,344.0
2025-11-17 11:00:00+00:00,7.75,348.0
2025-11-17 12:00:00+00:00,7.24,354.0
2025-11-17 13:00:00+00:00,7.75,415.0
2025-11-17 14:00:00+00:00,9.13,485.0
2025-11-17 15:00:00+00:00,9.1,467.0
2025-11-17 16:00:00+00:00,17.2,461.0
2025-11-17 17:00:00+00:00,15.5,461.0
2025-11-17 18:00:00+00:00,15.0,445.0
2025-11-17 19:00:00+00:00,11.885,441.0
2025-11-17 20:00:00+00:00,10.35,399.0
2025-11-17 21:00:00+00:00,4.25,395.0
2025-11-17 22:00:00+00:00,4.2,432.0
2025-11-17 23:00:00+00:00,2.9,355.0
2025-11-18 00:00:00+00:00,1.9,355.0
2025-11-18 01:00:00+00:00,1.65,375.0
2025-11-18 02:00:00+00:00,1.75,376.0
2025-11-18 03:00:00+00:00,1.75,355.0
2025-11-18 04:00:00+00:00,1.75,395.0
2025-11-18 05:00:00+00:00,6.2,392.0
2025-11-18 06:00:00+00:00,14.22,386.0
2025-11-18 07:00:00+00:00,14.625,330.0
2025-11-18 08:00:00+00:00,13.255,342.0
2025-11-18 09:00:00+00:00,11.73,386.0
2025-11-18 10:00:00+00:00,10.125,386.0
2025-11-18 11:00:00+00:00,10.02,421.0
2025-11-18 12:00:00+00:00,10.319999999999999,422.0
2025-11-18 13:00:00+00:00,10.889999999999999,420.0
2025-11-18 14:00:00+00:00,13.6,386.0
2025-11-18 15:00:00+00:00,17.439999999999998,365.0
2025-11-18 16:00:00+00:00,18.875,355.0
2025-11-18 17:00:00+00:00,18.455,381.0
2025-11-18 18:00:00+00:00,17.02,355.0
2025-11-18 19:00:00+00:00,14.05,411.0
2025-11-18 20:00:00+00:00,10.899999999999999,440.0
2025-11-18 21:00:00+00:00,9.27,426.0
2025-11-18 22:00:00+00:00,4.66,395.0
2025-11-18 23:00:00+00:00,2.75,302.0
2025-11-19 00:00:00+00:00,2.0,313.0
2025-11-19 01:00:00+00:00,2.0,303.0
2025-11-19 02:00:00+00:00,2.0,313.0
2025-11-19 03:00:00+00:00,2.675,313.0
2025-11-19 04:00:00+00:00,3.25,271.0
2025-11-19 05:00:00+00:00,10.74,212.0
2025-11-19 06:00:00+00:00,24.24,227.0
2025-11-19 07:00:00+00:00,28.5,187.0
2025-11-19 08:00:00+00:00,14.2,208.0
2025-11-19 09:00:00+00:00,10.95,205.0
2025-11-19 10:00:00+00:00,7.75,225.0
2025-11-19 11:00:00+00:00,7.5,243.0
2025-11-19 12:00:00+00:00,7.75,241.0
2025-11-19 13:00:00+00:00,10.995,233.0
2025-11-19 14:00:00+00:00,27.9,303.0
2025-11-19 15:00:00+00:00,33.75,268.0
2025-11-19 16:00:00+00:00,31.21,203.0
2025-11-19 17:00:00+00:00,15.21,215.0
2025-11-19 18:00:00+00:00,14.26,215.0
2025-11-19 19:00:00+00:00,12.76,215.0
2025-11-19 20:00:00+00:00,8.825,215.0
2025-11-19 21:00:00+00:00,6.465,243.0
2025-11-19 22:00:00+00:00,3.01,252.0
2025-11-19 23:00:00+00:00,2.425,177.0
2025-11-20 00:00:00+00:00,1.75,177.0
2025-11-20 01:00:00+00:00,1.75,167.0
2025-11-20 02:00:00+00:00,2.425,192.0
2025-11-20 03:00:00+00:00,2.425,197.0
2025-11-20 04:00:00+00:00,2.25,219.0
2025-11-20 05:00:00+00:00,10.025,155.0
2025-11-20 06:00:00+00:00,24.099999999999998,305.0
2025-11-20 07:00:00+00:00,30.5,230.0
2025-11-20 08:00:00+00:00,26.0,239.0
2025-11-20 09:00:00+00:00,21.4,278.0
2025-11-20 10:00:00+00:00,17.9,307.0
2025-11-20 11:00:00+00:00,21.45,280.0
2025-11-20 12:00:00+00:00,20.95,258.0
2025-11-20 13:00:00+00:00,19.0,287.0
2025-11-20 14:00:00+00:00,27.8,258.0
2025-11-20 15:00:00+00:00,33.400000000000006,265.0
2025-11-20 16:00:00+00:00,37.25,240.0
2025-11-20 17:00:00+00:00,26.65,178.0
2025-11-20 18:00:00+00:00,20.48,151.0
2025-11-20 19:00:00+00:00,16.305,155.0
2025-11-20 20:00:00+00:00,14.024999999999999,178.0
2025-11-20 21:00:00+00:00,11.36,233.0
2025-11-20 22:00:00+00:00,10.185,254.0
2025-11-20 23:00:00+00:00,3.75,146.0
2025-11-21 00:00:00+00:00,1.75,140.0
2025-11-21 01:00:00+00:00,1.75,138.0
2025-11-21 02:00:00+00:00,1.56,115.0
2025-11-21 03:00:00+00:00,1.75,136.0
2025-11-21 04:00:00+00:00,1.75,138.0
2025-11-21 05:00:00+00:00,10.15,145.0
2025-11-21 06:00:00+00:00,26.95,185.0
2025-11-21 07:00:00+00:00,27.5,175.0
2025-11-21 08:00:00+00:00,25.75,185.0
2025-11-21 09:00:00+00:00,15.700000000000001,139.0
2025-11-21 10:00:00+00:00,14.55,188.0
2025-11-21 11:00:00+00:00,18.1,241.0
2025-11-21 12:00:00+00:00,17.25,283.0
2025-11-21 13:00:00+00:00,19.400000000000002,283.0
2025-11-21 14:00:00+00:00,22.900000000000002,209.0
2025-11-21 15:00:00+00:00,30.45,179.0
2025-11-21 16:00:00+00:00,30.45,179.0
2025-11-21 17:00:00+00:00,24.8,145.0
2025-11-21 18:00:00+00:00,17.6,145.0
2025-11-21 19:00:00+00:00,14.445,145.0
2025-11-21 20:00:00+00:00,10.190000000000001,145.0
2025-11-21 21:00:00+00:00,8.815,145.0
2025-11-21 22:00:00+00:00,5.75,115.0
2025-11-21 23:00:00+00:00,3.2,253.0
2025-11-22 00:00:00+00:00,1.65,253.0
2025-11-22 01:00:00+00:00,1.35,253.0
2025-11-22 02:00:00+00:00,1.35,253.0
2025-11-22 03:00:00+00:00,1.35,253.0
2025-11-22 04:00:00+00:00,1.35,281.0
2025-11-22 05:00:00+00:00,1.5,271.0
2025-11-22 06:00:00+00:00,3.255,321.0
2025-11-22 07:00:00+00:00,3.75,320.0
2025-11-22 08:00:00+00:00,4.2,263.0
2025-11-22 09:00:00+00:00,4.2,270.0
2025-11-22 10:00:00+00:00,3.0549999999999997,188.0
2025-11-22 11:00:00+00:00,3.0549999999999997,202.0
2025-11-22 12:00:00+00:00,3.0549999999999997,223.0
2025-11-22 13:00:00+00:00,3.55,183.0
2025-11-22 14:00:00+00:00,5.85,321.0
2025-11-22 15:00:00+00:00,7.7,321.0
2025-11-22 16:00:00+00:00,8.665,305.0
2025-11-22 17:00:00+00:00,8.6,315.0
2025-11-22 18:00:00+00:00,7.7,320.0
2025-11-22 19:00:00+00:00,5.3,375.0
2025-11-22 20:00:00+00:00,3.85,321.0
2025-11-22 21:00:00+00:00,3.105,271.0
2025-11-22 22:00:00+00:00,3.25,325.0
2025-11-22 23:00:00+00:00,2.425,239.0
2025-11-23 00:00:00+00:00,2.0,292.0
2025-11-23 01:00:00+00:00,1.75,325.0
2025-11-23 02:00:00+00:00,2.5,310.0
2025-11-23 03:00:00+00:00,2.25,289.0
2025-11-23 04:00:00+00:00,2.65,279.0
2025-11-23 05:00:00+00:00,2.75,279.0
2025-11-23 06:00:00+00:00,4.5,279.0
2025-11-23 07:00:00+00:00,4.5,279.0
2025-11-23 08:00:00+00:00,4.25,279.0
2025-11-23 09:00:00+00:00,3.105,279.0
2025-11-23 10:00:00+00:00,3.0,279.0
2025-11-23 11:00:00+00:00,2.75,279.0
2025-11-23 12:00:00+00:00,2.6,279.0
2025-11-23 13:00:00+00:00,3.255,279.0
2025-11-23 14:00:00+00:00,6.1,279.0
2025-11-23 15:00:00+00:00,4.75,277.0
2025-11-23 16:00:00+00:00,10.85,254.0
2025-11-23 17:00:00+00:00,8.775,269.0
2025-11-23 18:00:00+00:00,5.6,279.0
2025-11-23 19:00:00+00:00,9.065,279.0
2025-11-23 20:00:00+00:00,4.6,279.0
2025-11-23 21:00:00+00:00,4.45,279.0
2025-11-23 22:00:00+00:00,4.24,279.0
2025-11-23 23:00:00+00:00,3.85,324.0
2025-11-24 00:00:00+00:00,4.85,310.0
2025-11-24 01:00:00+00:00,3.35,303.0
2025-11-24 02:00:00+00:00,4.59,303.0
2025-11-24 03:00:00+00:00,3.105,312.0
2025-11-24 04:00:00+00:00,1.6,326.0
2025-11-24 05:00:00+00:00,5.35,384.0
2025-11-24 06:00:00+00:00,10.45,428.0
2025-11-24 07:00:00+00:00,11.7,414.0
2025-11-24 08:00:00+00:00,12.55,364.0
2025-11-24 09:00:00+00:00,11.85,362.0
2025-11-24 10:00:00+00:00,10.85,362.0
2025-11-24 11:00:00+00:00,9.9,428.0
2025-11-24 12:00:00+00:00,10.05,428.0
2025-11-24 13:00:00+00:00,10.200000000000001,451.0
2025-11-24 14:00:00+00:00,16.4,451.0
2025-11-24 15:00:00+00:00,23.4,451.0
2025-11-24 16:00:00+00:00,29.5,451.0
2025-11-24 17:00:00+00:00,19.75,451.0
2025-11-24 18:00:00+00:00,18.95,451.0
2025-11-24 19:00:00+00:00,15.75,451.0
2025-11-24 20:00:00+00:00,10.0,304.0
2025-11-24 21:00:00+00:00,6.6,280.0
2025-11-24 22:00:00+00:00,3.5,280.0
2025-11-24 23:00:00+00:00,3.25,328.0
2025-11-25 00:00:00+00:00,2.75,328.0
2025-11-25 01:00:00+00:00,2.5,328.0
2025-11-25 02:00:00+00:00,2.25,328.0
2025-11-25 03:00:00+00:00,2.25,328.0
2025-11-25 04:00:00+00:00,2.75,328.0
2025-11-25 05:00:00+00:00,12.385,328.0
2025-11-25 06:00:00+00:00,37.0,368.0
2025-11-25 07:00:00+00:00,47.6,368.0
2025-11-25 08:00:00+00:00,38.75,368.0
2025-11-25 09:00:00+00:00,32.55,358.0
2025-11-25 10:00:00+00:00,28.75,274.0
2025-11-25 11:00:00+00:00,23.615,274.0
2025-11-25 12:00:00+00:00,21.33,274.0
2025-11-25 13:00:00+00:00,22.25,297.0
2025-11-25 14:00:00+00:00,18.35,391.0
2025-11-25 15:00:00+00:00,34.3,348.0
2025-11-25 16:00:00+00:00,33.89,313.0
2025-11-25 17:00:00+00:00,30.3,313.0
2025-11-25 18:00:00+00:00,21.6,322.0
2025-11-25 19:00:00+00:00,15.81,220.0
2025-11-25 20:00:00+00:00,13.61,240.0
2025-11-25 21:00:00+00:00,11.165,220.0
2025-11-25 22:00:00+00:00,9.24,220.0
2025-11-25 23:00:00+00:00,6.1,302.0
2025-11-26 00:00:00+00:00,5.55,301.0
2025-11-26 01:00:00+00:00,5.3,289.0
2025-11-26 02:00:00+00:00,4.85,307.0
2025-11-26 03:00:00+00:00,5.6,311.0
2025-11-26 04:00:00+00:00,1.85,302.0
2025-11-26 05:00:00+00:00,17.35,281.0
2025-11-26 06:00:00+00:00,57.05,440.0
2025-11-26 07:00:00+00:00,57.05,402.0
2025-11-26 08:00:00+00:00,57.05,421.0
2025-11-26 09:00:00+00:00,39.55,427.0
2025-11-26 10:00:00+00:00,40.0,452.0
2025-11-26 11:00:00+00:00,57.5,358.0
2025-11-26 12:00:00+00:00,50.0,358.0
2025-11-26 13:00:00+00:00,50.0,358.0
2025-11-26 14:00:00+00:00,50.0,463.0
2025-11-26 15:00:00+00:00,65.05,427.0
2025-11-26 16:00:00+00:00,65.05,380.0
2025-11-26 17:00:00+00:00,40.87,251.0
2025-11-26 18:00:00+00:00,28.34,230.0
2025-11-26 19:00:00+00:00,18.3,292.0
2025-11-26 20:00:00+00:00,14.17,255.0
2025-11-26 21:00:00+00:00,10.705,281.0
2025-11-26 22:00:00+00:00,9.05,233.0
2025-11-26 23:00:00+00:00,5.75,235.0
2025-11-27 00:00:00+00:00,2.5,238.0
2025-11-27 01:00:00+00:00,2.5,232.0
2025-11-27 02:00:00+00:00,2.25,240.0
2025-11-27 03:00:00+00:00,2.25,252.0
2025-11-27 04:00:00+00:00,2.75,235.0
2025-11-27 05:00:00+00:00,7.5,440.0
2025-11-27 06:00:00+00:00,12.96,426.0
2025-11-27 07:00:00+00:00,14.59,397.0
2025-11-27 08:00:00+00:00,10.74,436.0
2025-11-27 09:00:00+00:00,8.25,413.0
2025-11-27 10:00:00+00:00,7.05,369.0
2025-11-27 11:00:00+00:00,6.8,382.0
2025-11-27 12:00:00+00:00,6.5,382.0
2025-11-27 13:00:00+00:00,7.5,472.0
2025-11-27 14:00:00+00:00,9.015,464.0
2025-11-27 15:00:00+00:00,9.605,468.0
2025-11-27 16:00:00+00:00,11.275,434.0
2025-11-27 17:00:00+00:00,10.0,434.0
2025-11-27 18:00:00+00:00,8.6,289.0
2025-11-27 19:00:00+00:00,6.5,381.0
2025-11-27 20:00:00+00:00,4.35,233.0
2025-11-27 21:00:00+00:00,3.0,316.0
2025-11-27 22:00:00+00:00,2.5,364.0
2025-11-27 23:00:00+00:00,2.25,248.0
2025-11-28 00:00:00+00:00,1.75,421.0
2025-11-28 01:00:00+00:00,1.75,416.0
2025-11-28 02:00:00+00:00,1.75,378.0
2025-11-28 03:00:00+00:00,1.75,397.0
2025-11-28 04:00:00+00:00,1.6,337.0
2025-11-28 05:00:00+00:00,1.75,217.0
2025-11-28 06:00:00+00:00,2.25,101.0
2025-11-28 07:00:00+00:00,3.255,102.0
2025-11-28 08:00:00+00:00,3.255,95.0
2025-11-28 09:00:00+00:00,3.25,95.0
2025-11-28 10:00:00+00:00,2.0,160.0
2025-11-28 11:00:00+00:00,2.0,127.0
2025-11-28 12:00:00+00:00,1.75,138.0
2025-11-28 13:00:00+00:00,2.0,107.0
2025-11-28 14:00:00+00:00,2.0,128.0
2025-11-28 15:00:00+00:00,3.35,129.0
2025-11-28 16:00:00+00:00,3.5,85.0
2025-11-28 17:00:00+00:00,2.75,161.0
2025-11-28 18:00:00+00:00,2.3,192.0
2025-11-28 19:00:00+00:00,2.25,214.0
2025-11-28 20:00:00+00:00,1.75,195.0
2025-11-28 21:00:00+00:00,1.75,210.0
2025-11-28 22:00:00+00:00,2.25,291.0
2025-11-28 23:00:00+00:00,2.675,361.0
2025-11-29 00:00:00+00:00,2.475,351.0
2025-11-29 01:00:00+00:00,2.425,321.0
2025-11-29 02:00:00+00:00,2.425,321.0
2025-11-29 03:00:00+00:00,1.95,338.0
2025-11-29 04:00:00+00:00,2.05,337.0
2025-11-29 05:00:00+00:00,3.0,351.0
2025-11-29 06:00:00+00:00,2.5,377.0
2025-11-29 07:00:00+00:00,2.25,360.0
2025-11-29 08:00:00+00:00,2.0,364.0
2025-11-29 09:00:00+00:00,2.0,354.0
2025-11-29 10:00:00+00:00,2.0,347.0
2025-11-29 11:00:00+00:00,2.25,306.0
2025-11-29 12:00:00+00:00,2.5,291.0
2025-11-29 13:00:00+00:00,2.5,270.0
2025-11-29 14:00:00+00:00,2.675,235.0
2025-11-29 15:00:00+00:00,2.675,223.0
2025-11-29 16:00:00+00:00,1.9,221.0
2025-11-29 17:00:00+00:00,1.9,237.0
2025-11-29 18:00:00+00:00,3.0,248.0
2025-11-29 19:00:00+00:00,1.9,221.0
2025-11-29 20:00:00+00:00,3.0,201.0
2025-11-29 21:00:00+00:00,3.0,209.0
2025-11-29 22:00:00+00:00,1.8,207.0
2025-11-29 23:00:00+00:00,1.5,173.0
2025-11-30 00:00:00+00:00,1.5,173.0
2025-11-30 01:00:00+00:00,1.5,173.0
2025-11-30 02:00:00+00:00,2.2,203.0
2025-11-30 03:00:00+00:00,2.8,193.0
2025-11-30 04:00:00+00:00,2.05,217.0
2025-11-30 05:00:00+00:00,1.3,173.0
2025-11-30 06:00:00+00:00,1.4,233.0
2025-11-30 07:00:00+00:00,1.6,244.0
2025-11-30 08:00:00+00:00,1.6,273.0
2025-11-30 09:00:00+00:00,1.6,296.0
2025-11-30 10:00:00+00:00,1.6,270.0
2025-11-30 11:00:00+00:00,1.6,293.0
2025-11-30 12:00:00+00:00,1.3,334.0
2025-11-30 13:00:00+00:00,1.3,317.0
2025-11-30 14:00:00+00:00,1.6,328.0
2025-11-30 15:00:00+00:00,1.7000000000000002,265.0
2025-11-30 16:00:00+00:00,1.8,237.0
2025-11-30 17:00:00+00:00,1.8,262.0
2025-11-30 18:00:00+00:00,1.6,245.0
2025-11-30 19:00:00+00:00,1.6,271.0
2025-11-30 20:00:00+00:00,1.6,272.0
2025-11-30 21:00:00+00:00,1.8,247.0
2025-11-30 22:00:00+00:00,1.3,231.0
2025-11-30 23:00:00+00:00,1.75,183.0
2025-12-01 00:00:00+00:00,1.35,183.0
2025-12-01 01:00:00+00:00,1.35,183.0
2025-12-01 02:00:00+00:00,1.85,244.0
2025-12-01 03:00:00+00:00,2.15,254.0
2025-12-01 04:00:00+00:00,1.7000000000000002,244.0
2025-12-01 05:00:00+00:00,3.3049999999999997,150.0
2025-12-01 06:00:00+00:00,2.75,105.0
2025-12-01 07:00:00+00:00,4.15,129.0
2025-12-01 08:00:00+00:00,3.3499999999999996,178.0
2025-12-01 09:00:00+00:00,3.3049999999999997,168.0
2025-12-01 10:00:00+00:00,2.55,187.0
2025-12-01 11:00:00+00:00,2.55,214.0
2025-12-01 12:00:00+00:00,2.3,210.0
2025-12-01 13:00:00+00:00,3.05,209.0
2025-12-01 14:00:00+00:00,5.8,201.0
2025-12-01 15:00:00+00:00,6.05,162.0
2025-12-01 16:00:00+00:00,5.25,129.0
2025-12-01 17:00:00+00:00,1.4,85.0
2025-12-01 18:00:00+00:00,1.5,85.0
2025-12-01 19:00:00+00:00,1.8,146.0
2025-12-01 20:00:00+00:00,2.15,275.0
2025-12-01 21:00:00+00:00,1.85,341.0
2025-12-01 22:00:00+00:00,1.3,283.0
2025-12-01 23:00:00+00:00,1.65,321.0
2025-12-02 00:00:00+00:00,1.65,300.0
2025-12-02 01:00:00+00:00,1.8,292.0
2025-12-02 02:00:00+00:00,1.7000000000000002,287.0
2025-12-02 03:00:00+00:00,1.65,325.0
2025-12-02 04:00:00+00:00,1.75,316.0
2025-12-02 05:00:00+00:00,3.3,410.0
2025-12-02 06:00:00+00:00,3.3,173.0
2025-12-02 07:00:00+00:00,3.5,201.0
2025-12-02 08:00:00+00:00,3.4,159.0
2025-12-02 09:00:00+00:00,3.255,131.0
2025-12-02 10:00:00+00:00,3.255,173.0
2025-12-02 11:00:00+00:00,3.255,225.0
2025-12-02 12:00:00+00:00,3.0,189.0
2025-12-02 13:00:00+00:00,3.0,203.0
2025-12-02 14:00:00+00:00,2.25,188.0
2025-12-02 15:00:00+00:00,2.75,148.0
2025-12-02 16:00:00+00:00,2.25,85.0
2025-12-02 17:00:00+00:00,1.8,95.0
2025-12-02 18:00:00+00:00,1.75,85.0
2025-12-02 19:00:00+00:00,1.75,95.0
2025-12-02 20:00:00+00:00,1.75,114.0
2025-12-02 21:00:00+00:00,1.75,193.0
2025-12-02 22:00:00+00:00,1.65,208.0
2025-12-02 23:00:00+00:00,1.75,173.0
2025-12-03 00:00:00+00:00,1.55,174.0
2025-12-03 01:00:00+00:00,1.55,164.0
2025-12-03 02:00:00+00:00,1.55,171.0
2025-12-03 03:00:00+00:00,1.55,171.0
2025-12-03 04:00:00+00:00,1.5,164.0
2025-12-03 05:00:00+00:00,2.25,152.0
2025-12-03 06:00:00+00:00,7.55,244.0
2025-12-03 07:00:00+00:00,6.9,236.0
2025-12-03 08:00:00+00:00,6.9,231.0
2025-12-03 09:00:00+00:00,4.3,88.0
2025-12-03 10:00:00+00:00,6.85,106.0
2025-12-03 11:00:00+00:00,9.86,220.0
2025-12-03 12:00:00+00:00,9.715,220.0
2025-12-03 13:00:00+00:00,10.34,227.0
2025-12-03 14:00:00+00:00,11.39,171.0
2025-12-03 15:00:00+00:00,10.15,149.0
2025-12-03 16:00:00+00:00,8.25,70.0
2025-12-03 17:00:00+00:00,11.35,160.0
2025-12-03 18:00:00+00:00,7.2,227.0
2025-12-03 19:00:00+00:00,6.85,158.0
2025-12-03 20:00:00+00:00,4.0,152.0
2025-12-03 21:00:00+00:00,2.5,199.0
2025-12-03 22:00:00+00:00,1.9000000000000001,267.0
2025-12-03 23:00:00+00:00,2.0,280.0
2025-12-04 00:00:00+00:00,1.6,287.0
2025-12-04 01:00:00+00:00,1.65,282.0
2025-12-04 02:00:00+00:00,1.65,305.0
2025-12-04 03:00:00+00:00,1.65,295.0
2025-12-04 04:00:00+00:00,2.0,298.0
2025-12-04 05:00:00+00:00,3.75,302.0
2025-12-04 06:00:00+00:00,8.200000000000001,403.0
2025-12-04 07:00:00+00:00,9.55,357.0
2025-12-04 08:00:00+00:00,8.200000000000001,483.0
2025-12-04 09:00:00+00:00,9.9,373.0
2025-12-04 10:00:00+00:00,8.3,404.0
2025-12-04 11:00:00+00:00,8.8,334.0
2025-12-04 12:00:00+00:00,7.6,234.0
2025-12-04 13:00:00+00:00,6.8,257.0
2025-12-04 14:00:00+00:00,7.25,245.0
2025-12-04 15:00:00+00:00,7.15,185.0
2025-12-04 16:00:00+00:00,5.24,155.0
2025-12-04 17:00:00+00:00,8.76,142.0
2025-12-04 18:00:00+00:00,7.4,412.0
2025-12-04 19:00:00+00:00,6.55,387.0
2025-12-04 20:00:00+00:00,9.4,283.0
2025-12-04 21:00:00+00:00,4.4,289.0
2025-12-04 22:00:00+00:00,2.4000000000000004,252.0
